date;range_high;range_low;range_high_body;range_low_body;range_open;range_close;greenbox;range_size;session_high;session_low;session_body_high;session_body_low;session_close;breached_range_high;breached_range_low;closed_above_range_high;closed_below_range_low;range_confirmed;range_holds_close;range_holds_wick;up_confirmation;down_confirmation;breakout_time;breakout_window;upday;range_holds;close_outside_range;pre_conf_min;pre_conf_max;after_conf_min;after_conf_max;max_retracement_value;max_expansion_value;max_retracement_time;max_expansion_time;retrace_into_range;expansion_window;retracement_window;day_open;ny_true_open;took_out_day_open;took_out_ny_true_open;expansion_level;expansion_level_body;retracement_level;retracement_level_body;after_conf_max_level;after_conf_min_level;opening_level;closing_level;session_close_level;session_low_level;session_high_level;model;model_prev;upday_prev;range_holds_prev;range_size_prev;range_multiplier
2023-08-14;15931;15915;15928;15921;15924;15928;true;16;15931;15807;15928;15811;15838;false;true;false;true;true;true;true;;1691973600000000;1691973600000000;09:30 - 09:45;false;true;true;15913;15931;15807;15908;15908;15807;1691975700000000;1691985000000000;false;12:45 - 13:00;10:15 - 10:30;;;;;-6.7;-16.2;-0.5;-1.9;-6.8;-0.5;0.5;0.8;-4.9;-6.8;1.0;Medium Uptrend;Weak Downtrend;true;true;64;0.3
2023-08-15;16000;15979;15996;15983;15987;15989;true;21;16016;15978;16016;15980;16007;true;true;true;false;true;true;false;1692064200000000;;1692064200000000;10:45 - 11:00;true;true;true;15978;16008;15982;16016;15982;16016;1692065700000000;1692076500000000;true;14:15 - 14:30;11:15 - 11:30;;;;;1.7;2.5;0.2;-0.0;1.8;0.2;0.4;0.5;1.4;-0.0;1.8;Strong Uptrend;Medium Downtrend;false;true;72;0.3
2023-08-16;15800;15784;15795;15784;15792;15784;false;16;15790;15731;15785;15748;15765;false;true;false;true;true;true;true;;1692145800000000;1692145800000000;09:30 - 09:45;false;true;true;;;15731;15785;15780;15731;1692146100000000;1692146400000000;false;09:30 - 09:45;09:30 - 09:45;;;;;-3.3;-4.8;-0.3;-0.4;-3.4;0.0;0.5;0.0;-1.2;-3.4;0.3;Medium Downtrend;Contraction;false;true;55;0.3
2023-08-17;15760;15702;15760;15709;15760;15712;false;58;15750;15679;15745;15685;15717;false;true;false;true;true;true;true;;1692232500000000;1692232500000000;09:30 - 09:45;false;true;false;15697;15710;15679;15750;15710;15679;1692233100000000;1692235200000000;true;10:15 - 10:30;09:45 - 10:00;;;;;-0.3;-0.5;0.1;0.0;-0.4;0.8;1.0;0.1;0.2;-0.4;0.8;Strong Downtrend;Weak Downtrend;false;true;76;0.8
2023-08-18;15671;15650;15663;15651;15663;15651;false;21;15708;15644;15707;15645;15659;true;true;true;true;true;false;false;1692321300000000;1692318600000000;1692318600000000;09:30 - 09:45;false;false;false;;;15645;15708;15667;15645;1692318900000000;1692318900000000;true;09:30 - 09:45;09:30 - 09:45;;;;;-0.2;-0.5;0.8;1.3;-0.3;2.7;0.6;0.0;0.4;-0.3;2.7;Strong Downtrend;Medium Downtrend;true;true;54;0.4
2023-08-21;15651;15637;15651;15640;15640;15651;true;14;15653;15606;15652;15618;15628;true;true;true;true;true;false;false;1692584700000000;1692580500000000;1692580500000000;10:15 - 10:30;false;false;true;15636;15653;15615;15653;15644;15615;1692582000000000;1692582600000000;true;10:45 - 11:00;10:30 - 10:45;;;;;-1.5;-2.2;0.5;0.3;-1.6;1.1;0.2;1.0;-0.7;-2.3;1.1;Strong Uptrend;Contraction;false;false;62;0.2
2023-08-22;15688;15676;15687;15679;15687;15682;false;12;15704;15672;15703;15672;15699;true;true;true;true;true;false;false;1692665700000000;1692666900000000;1692665700000000;09:45 - 10:00;true;false;true;15675;15690;15672;15704;15672;15704;1692666900000000;1692674400000000;true;12:15 - 12:30;10:15 - 10:30;;;;;2.3;3.1;-0.3;-0.8;2.4;-0.3;1.0;0.5;2.0;-0.3;2.4;Contraction;Contraction;false;true;67;0.2
2023-08-23;15759;15738;15758;15738;15738;15758;true;21;15801;15759;15800;15759;15795;true;false;true;false;true;true;true;1692750600000000;;1692750600000000;09:30 - 09:45;true;true;true;;;15762;15801;15762;15801;1692750900000000;1692761700000000;false;12:30 - 12:45;09:30 - 09:45;;;;;3.0;3.1;1.2;1.2;3.0;1.2;0.0;1.0;2.8;1.0;3.0;Contraction;Medium Downtrend;true;true;42;0.5
2023-08-24;15834;15821;15831;15824;15828;15824;false;13;15869;15805;15867;15810;15865;true;true;true;true;true;false;false;1692845400000000;1692837900000000;1692837900000000;09:45 - 10:00;false;false;false;15818;15828;15805;15869;15824;15805;1692838200000000;1692840000000000;true;10:15 - 10:30;09:45 - 10:00;;;;;-1.2;-2.7;0.2;0.0;-1.3;3.6;0.5;0.2;3.3;-1.3;3.6;Strong Uptrend;Strong Downtrend;false;true;84;0.2
2023-08-25;15635;15618;15634;15623;15624;15634;true;17;15641;15599;15640;15600;15600;true;true;true;true;true;false;false;1692926100000000;1692927600000000;1692926100000000;10:15 - 10:30;true;false;false;15623;15637;15599;15641;;;;;false;;;;;;;;;;;1.4;-1.1;0.4;1.0;-1.0;-1.1;1.4;Strong Downtrend;Strong Uptrend;false;true;67;0.3
2023-08-28;15745;15721;15745;15728;15728;15741;true;24;15764;15734;15763;15735;15746;true;false;true;false;true;true;true;1693183500000000;;1693183500000000;09:45 - 10:00;true;true;true;15734;15741;15738;15764;15738;15764;1693183800000000;1693185600000000;true;10:15 - 10:30;09:45 - 10:00;;;;;1.7;2.1;0.8;0.6;1.8;0.8;0.3;0.9;1.1;0.6;1.8;Contraction;Strong Uptrend;false;false;33;0.7
2023-08-29;15848;15819;15848;15834;15848;15842;false;29;15870;15834;15866;15834;15864;true;false;true;false;true;true;true;1693273200000000;;1693273200000000;10:30 - 10:45;true;true;true;15837;15849;15834;15870;15834;15870;1693274100000000;1693286700000000;true;14:15 - 14:30;10:45 - 11:00;;;;;1.7;2.5;0.6;0.0;1.8;0.6;1.0;0.8;1.6;0.6;1.8;Weak Uptrend;Weak Uptrend;true;true;84;0.3
2023-08-30;16026;15998;16023;15998;15998;16020;true;28;16036;16005;16033;16005;16005;true;false;true;false;true;true;true;1693360200000000;;1693360200000000;10:45 - 11:00;true;true;false;16011;16026;16005;16036;16023;16036;1693360800000000;1693361700000000;true;11:15 - 11:30;11:00 - 11:15;;;;;1.3;1.5;0.9;1.0;1.4;0.3;0.0;0.8;0.3;0.3;1.4;Strong Uptrend;Weak Downtrend;false;true;82;0.3
2023-08-31;15947;15936;15943;15936;15936;15942;true;11;15956;15924;15953;15927;15942;true;true;true;true;true;false;false;1693455300000000;1693441800000000;1693441800000000;09:30 - 09:45;false;false;false;;;15924;15956;15950;15924;1693448400000000;1693450800000000;true;12:00 - 12:15;11:15 - 11:30;;;;;-1.0;-1.7;1.2;2.0;-1.1;1.8;0.0;0.5;0.5;-1.1;1.8;Contraction;Medium Uptrend;false;true;50;0.2
2023-09-01;16006;15985;16005;15985;15985;16005;true;21;16032;16004;16030;16004;16020;true;false;true;false;true;true;true;1693528200000000;;1693528200000000;09:30 - 09:45;true;true;true;;;16006;16032;16006;16032;1693532700000000;1693535100000000;false;11:15 - 11:30;10:45 - 11:00;;;;;2.2;2.3;1.0;1.1;2.3;1.0;0.0;1.0;1.7;1.0;2.3;Strong Downtrend;Medium Downtrend;false;true;107;0.2
2023-09-04;15895;15879;15893;15879;15879;15891;true;16;15915;15878;15912;15878;15911;true;true;true;true;true;false;false;1693788300000000;1693792200000000;1693788300000000;09:45 - 10:00;true;false;true;15890;15894;15878;15915;15878;15915;1693792200000000;1693804500000000;true;14:15 - 14:30;10:45 - 11:00;;;;;2.2;2.5;-0.0;-0.0;2.3;-0.0;0.0;0.8;2.0;-0.0;2.3;Contraction;Strong Downtrend;false;true;62;0.3
2023-09-05;15846;15829;15841;15832;15836;15835;false;17;15839;15794;15836;15797;15799;false;true;false;true;true;true;true;;1693874400000000;1693874400000000;09:30 - 09:45;false;true;true;15829;15834;15794;15839;15839;15794;1693877400000000;1693881000000000;true;11:30 - 11:45;10:30 - 10:45;;;;;-2.0;-4.2;0.5;0.7;-2.1;0.5;0.4;0.3;-1.8;-2.1;0.5;Medium Downtrend;Medium Uptrend;false;true;79;0.2
2023-09-06;15787;15770;15787;15780;15787;15781;false;17;15794;15748;15793;15754;15760;true;true;true;true;true;false;false;1693962300000000;1693964400000000;1693962300000000;10:00 - 10:15;true;false;false;15780;15791;15748;15793;15790;15793;1693962600000000;1693962600000000;false;10:00 - 10:15;10:00 - 10:15;;;;;1.3;1.8;1.2;1.5;1.4;-1.2;1.0;0.7;-0.5;-1.2;1.5;Medium Downtrend;Medium Uptrend;false;true;50;0.3
2023-09-07;15759;15744;15754;15750;15750;15751;true;15;15752;15700;15751;15702;15706;false;true;false;true;true;true;true;;1694047500000000;1694047500000000;09:45 - 10:00;false;true;true;15742;15752;15700;15752;15752;15700;1694049300000000;1694064000000000;true;14:15 - 14:30;10:15 - 10:30;;;;;-2.9;-12.5;0.5;0.5;-3.0;0.5;0.4;0.4;-2.6;-3.0;0.5;Medium Downtrend;Weak Uptrend;false;true;77;0.2
2023-09-08;15751;15729;15750;15732;15740;15732;false;22;15771;15722;15770;15723;15769;true;true;true;true;true;false;false;1694140500000000;1694133000000000;1694133000000000;09:30 - 09:45;false;false;false;;;15722;15771;15728;15722;1694133300000000;1694133300000000;false;09:30 - 09:45;09:30 - 09:45;;;;;-0.3;-0.5;-0.1;-0.3;-0.4;1.9;0.5;0.1;1.8;-0.4;1.9;Contraction;Medium Downtrend;true;true;51;0.4
2023-09-11;15756;15740;15755;15747;15752;15755;true;16;15785;15730;15779;15732;15779;true;true;true;true;true;false;false;1694392200000000;1694395800000000;1694392200000000;09:30 - 09:45;true;false;true;;;15730;15785;15730;15785;1694396100000000;1694409900000000;true;14:15 - 14:30;10:30 - 10:45;;;;;2.8;4.7;-0.6;-2.1;2.9;-0.6;0.8;1.0;2.5;-0.6;2.9;Contraction;Weak Downtrend;true;true;62;0.3
2023-09-12;15836;15822;15830;15824;15830;15824;false;14;15847;15807;15847;15808;15838;true;true;true;true;true;false;false;1694486100000000;1694478900000000;1694478900000000;09:30 - 09:45;false;false;false;15818;15825;15807;15847;15828;15807;1694481000000000;1694482500000000;true;10:30 - 10:45;10:00 - 10:15;;;;;-1.0;-2.8;0.4;0.6;-1.1;1.7;0.5;0.1;1.1;-1.1;1.7;Contraction;Medium Downtrend;false;true;54;0.3
2023-09-13;15727;15700;15723;15700;15723;15700;false;27;15712;15616;15709;15618;15637;false;true;false;true;true;true;true;;1694565300000000;1694565300000000;09:30 - 09:45;false;true;true;15696;15701;15616;15712;15712;15616;1694567700000000;1694578200000000;true;13:00 - 13:15;10:15 - 10:30;;;;;-3.1;-3.6;0.4;0.5;-3.2;0.4;0.8;0.0;-2.4;-3.2;0.4;Medium Downtrend;Weak Downtrend;false;true;73;0.4
2023-09-14;15667;15641;15667;15641;15641;15667;true;26;15715;15667;15715;15668;15715;true;false;true;false;true;true;true;1694651400000000;;1694651400000000;09:30 - 09:45;true;true;true;;;15667;15715;15667;15715;1694657400000000;1694669100000000;false;14:15 - 14:30;11:00 - 11:15;;;;;2.8;2.8;1.0;1.0;2.9;1.0;0.0;1.0;2.9;1.0;2.9;Contraction;Strong Uptrend;true;true;57;0.5
2023-09-15;16042;16024;16035;16026;16026;16035;true;18;16072;16011;16071;16014;16055;true;true;true;true;true;false;false;1694743500000000;1694739900000000;1694739900000000;10:00 - 10:15;false;false;false;16024;16038;16011;16072;16021;16011;1694740200000000;1694740800000000;false;10:15 - 10:30;10:00 - 10:15;;;;;-0.7;-1.6;-0.2;-0.6;-0.8;2.6;0.1;0.6;1.7;-0.8;2.6;Strong Uptrend;Medium Downtrend;false;true;39;0.5
2023-09-18;16063;16042;16051;16043;16051;16047;false;21;16063;16028;16062;16033;16043;false;true;false;true;true;true;true;;1695000600000000;1695000600000000;10:30 - 10:45;false;true;false;16042;16057;16028;16063;16046;16028;1695000900000000;1695000900000000;true;10:30 - 10:45;10:30 - 10:45;;;;;-0.6;-1.8;0.1;0.3;-0.7;1.0;0.4;0.2;0.0;-0.7;1.0;Medium Downtrend;Strong Downtrend;false;true;72;0.3
2023-09-19;15897;15878;15889;15878;15887;15884;false;19;15899;15854;15896;15857;15857;true;true;false;true;true;true;false;;1695087000000000;1695087000000000;10:30 - 10:45;false;true;true;15877;15899;15854;15885;15885;15854;1695096000000000;1695101100000000;true;14:15 - 14:30;13:00 - 13:15;;;;;-1.2;-2.1;0.3;0.6;-1.3;0.3;0.4;0.3;-1.2;-1.3;1.1;Contraction;Weak Downtrend;false;true;58;0.3
2023-09-20;15829;15814;15827;15816;15827;15816;false;15;15827;15806;15824;15808;15817;false;true;false;true;true;true;true;;1695176400000000;1695176400000000;11:15 - 11:30;false;true;false;15813;15827;15806;15820;15820;15806;1695179700000000;1695186000000000;true;14:00 - 14:15;12:15 - 12:30;;;;;-0.5;-0.9;0.4;0.3;-0.6;0.4;0.8;0.1;0.2;-0.6;0.8;Contraction;Strong Uptrend;false;true;42;0.4
2023-09-21;15842;15823;15836;15824;15828;15824;false;19;15826;15753;15825;15756;15764;false;true;false;true;true;true;true;;1695256200000000;1695256200000000;09:30 - 09:45;false;true;true;;;15753;15820;15820;15753;1695256500000000;1695264300000000;false;11:45 - 12:00;09:30 - 09:45;;;;;-3.6;-5.9;-0.2;-0.4;-3.7;-0.2;0.2;0.0;-3.2;-3.7;0.1;Strong Downtrend;Strong Downtrend;false;true;45;0.4
2023-09-22;15628;15610;15626;15611;15626;15611;false;18;15678;15604;15675;15604;15668;true;true;true;true;true;false;false;1695346800000000;1695343200000000;1695343200000000;09:30 - 09:45;false;false;false;15604;15614;15604;15678;;;;;false;;;;;;;;;;;-0.4;3.7;0.8;0.0;3.2;-0.4;3.7;Strong Downtrend;Medium Uptrend;true;false;69;0.3
2023-09-25;15646;15632;15643;15634;15643;15643;false;14;15681;15639;15680;15639;15679;true;false;true;false;true;true;true;1695602700000000;;1695602700000000;09:45 - 10:00;true;true;true;15639;15644;15647;15681;15647;15681;1695603000000000;1695619200000000;false;14:15 - 14:30;09:45 - 10:00;;;;;3.5;5.2;1.1;1.5;3.5;1.1;0.8;0.8;3.4;0.5;3.5;Strong Downtrend;Strong Downtrend;true;true;63;0.2
2023-09-26;15547;15525;15539;15528;15539;15530;false;22;15529;15490;15527;15493;15522;false;true;false;true;true;true;true;;1695688200000000;1695688200000000;09:30 - 09:45;false;true;true;;;15490;15529;15529;15490;1695689100000000;1695694500000000;true;11:15 - 11:30;09:45 - 10:00;;;;;-1.5;-3.4;0.1;0.0;-1.6;0.1;0.6;0.2;-0.2;-1.6;0.1;Medium Uptrend;Weak Downtrend;false;true;99;0.2
2023-09-27;15360;15350;15360;15352;15357;15352;false;10;15378;15342;15376;15343;15374;true;true;true;true;true;false;false;1695777300000000;1695774900000000;1695774900000000;09:30 - 09:45;false;false;false;15349;15353;15343;15378;15350;15343;1695775500000000;1695775800000000;false;09:45 - 10:00;09:45 - 10:00;;;;;-0.7;-1.1;0.0;-0.3;-0.7;2.8;0.7;0.2;2.4;-0.8;2.8;Strong Downtrend;Weak Uptrend;false;true;65;0.2
2023-09-28;15394;15378;15390;15385;15390;15388;false;16;15425;15349;15423;15349;15394;true;true;true;true;true;false;false;1695861000000000;1695873600000000;1695861000000000;09:30 - 09:45;true;false;false;;;15349;15425;15390;15425;1695862200000000;1695866100000000;true;10:45 - 11:00;09:45 - 10:00;;;;;2.9;8.0;0.8;1.0;3.0;-1.8;0.8;0.7;1.0;-1.8;3.0;Contraction;Weak Uptrend;true;true;68;0.2
2023-09-29;15461;15439;15456;15443;15456;15443;false;22;15488;15422;15488;15424;15461;true;true;true;true;true;false;false;1695954900000000;1695948000000000;1695948000000000;09:30 - 09:45;false;false;false;15439;15445;15422;15488;15434;15422;1695948300000000;1695948900000000;false;09:45 - 10:00;09:45 - 10:00;;;;;-0.7;-1.6;-0.3;-0.7;-0.8;2.2;0.7;0.1;1.0;-0.8;2.2;Strong Uptrend;Medium Uptrend;false;true;75;0.3
2023-10-02;15596;15539;15592;15539;15539;15589;true;57;15593;15532;15589;15535;15535;false;true;false;true;true;true;true;;1696223400000000;1696223400000000;14:00 - 14:15;false;true;true;15537;15593;15532;15543;15543;15532;1696223700000000;1696223700000000;true;14:15 - 14:30;14:15 - 14:30;;;;;-0.1;-0.1;0.0;0.0;-0.2;0.0;0.0;0.8;-0.1;-0.2;0.9;Medium Downtrend;Strong Downtrend;false;true;138;0.4
2023-10-03;15316;15297;15313;15306;15308;15309;true;19;15345;15221;15345;15239;15247;true;true;true;true;true;false;false;1696293000000000;1696306500000000;1696293000000000;09:30 - 09:45;true;false;false;;;15221;15345;15324;15345;1696293300000000;1696294200000000;false;09:45 - 10:00;09:30 - 09:45;;;;;2.5;5.5;1.5;2.6;2.6;-4.0;0.6;0.7;-2.6;-4.0;2.6;Strong Downtrend;Medium Downtrend;false;true;89;0.2
2023-10-04;15217;15194;15209;15196;15208;15200;false;23;15212;15136;15202;15139;15174;false;true;false;true;true;true;true;;1696380600000000;1696380600000000;09:45 - 10:00;false;true;true;15191;15201;15136;15199;15199;15136;1696380900000000;1696391100000000;true;12:45 - 13:00;09:45 - 10:00;;;;;-2.5;-4.6;0.2;0.2;-2.6;0.2;0.6;0.2;-0.9;-2.6;0.7;Medium Downtrend;Strong Uptrend;true;true;94;0.2
2023-10-05;15244;15220;15244;15220;15244;15220;false;24;15293;15223;15292;15223;15278;true;false;true;false;true;true;true;1696466700000000;;1696466700000000;09:45 - 10:00;true;true;true;15223;15244;15244;15293;15244;15293;1696467000000000;1696479000000000;false;13:00 - 13:15;09:45 - 10:00;;;;;3.0;3.0;1.0;1.0;3.1;1.0;1.0;0.0;2.5;0.2;3.1;Contraction;Weak Uptrend;false;true;48;0.5
2023-10-06;15233;15217;15233;15217;15217;15233;true;16;15258;15215;15256;15215;15221;true;true;true;true;true;false;false;1696553100000000;1696552200000000;1696552200000000;09:30 - 09:45;false;false;false;;;15216;15258;15226;15216;1696552500000000;1696552500000000;true;09:30 - 09:45;09:30 - 09:45;;;;;-0.0;-0.0;0.5;0.5;-0.1;2.5;0.0;1.0;0.2;-0.2;2.5;Contraction;Weak Downtrend;true;true;113;0.1
2023-10-09;15298;15240;15283;15252;15252;15280;true;58;15293;15250;15293;15253;15270;false;false;false;false;false;false;false;;;;;false;true;false;;;;;;;;;false;;;;;;;;;;;;;0.2;0.6;0.5;0.1;0.9;Medium Uptrend;Weak Uptrend;false;false;57;1.0
2023-10-10;15361;15315;15359;15318;15318;15359;true;46;15384;15351;15383;15355;15355;true;false;true;false;true;true;true;1696898100000000;;1696898100000000;09:30 - 09:45;true;true;false;15357;15362;15351;15384;15360;15384;1696898400000000;1696905600000000;true;11:30 - 11:45;09:30 - 09:45;;;;;1.5;1.6;1.0;1.1;1.5;0.8;0.1;1.0;0.9;0.8;1.5;Strong Uptrend;Medium Uptrend;true;true;63;0.7
2023-10-11;15529;15516;15528;15516;15528;15516;false;13;15527;15494;15523;15497;15516;false;true;false;true;true;true;true;;1696985400000000;1696985400000000;09:45 - 10:00;false;true;false;15512;15527;15494;15525;15510;15494;1696985700000000;1696987800000000;false;10:30 - 10:45;09:45 - 10:00;;;;;-1.6;-1.8;-0.5;-0.5;-1.7;0.6;0.9;0.0;0.0;-1.7;0.8;Contraction;Medium Uptrend;false;true;59;0.2
2023-10-12;15620;15607;15617;15608;15610;15608;false;13;15643;15600;15641;15602;15629;true;true;true;true;true;false;false;1697072100000000;1697070900000000;1697070900000000;09:30 - 09:45;false;false;false;15607;15610;15602;15643;15607;15602;1697071200000000;1697071200000000;false;09:30 - 09:45;09:30 - 09:45;;;;;-0.3;-0.6;0.0;-0.2;-0.4;2.7;0.2;0.0;1.6;-0.6;2.7;Strong Uptrend;Strong Downtrend;false;true;64;0.2
2023-10-13;15522;15502;15509;15503;15503;15506;true;20;15537;15498;15529;15501;15503;true;true;true;true;true;false;false;1697160300000000;1697157300000000;1697157300000000;09:30 - 09:45;false;false;false;15504;15515;15498;15537;15537;15498;1697162700000000;1697174100000000;true;14:15 - 14:30;11:00 - 11:15;;;;;-0.2;-0.8;1.7;5.6;-0.2;1.7;0.0;0.2;0.0;-0.2;1.7;Medium Downtrend;Strong Downtrend;false;true;101;0.2
2023-10-16;15301;15277;15299;15283;15287;15299;true;24;15308;15268;15305;15271;15299;true;true;true;true;true;false;false;1697416500000000;1697427000000000;1697416500000000;09:30 - 09:45;true;false;false;15297;15304;15268;15308;15282;15308;1697417700000000;1697419200000000;true;10:15 - 10:30;09:45 - 10:00;;;;;1.2;1.5;0.3;-0.0;1.3;-0.3;0.5;1.0;1.0;-0.3;1.3;Strong Downtrend;Medium Uptrend;true;true;65;0.4
2023-10-17;15384;15359;15381;15359;15359;15381;true;25;15382;15326;15382;15327;15337;false;true;false;true;true;true;true;;1697505900000000;1697505900000000;10:15 - 10:30;false;true;true;15362;15382;15326;15358;15358;15326;1697513700000000;1697518800000000;false;14:00 - 14:15;12:30 - 12:45;;;;;-1.3;-1.5;-0.1;-0.1;-1.4;-0.1;0.0;0.8;-0.9;-1.4;0.9;Strong Uptrend;Medium Downtrend;true;true;97;0.3
2023-10-18;15318;15300;15316;15301;15307;15316;true;18;15366;15293;15364;15294;15355;true;true;true;true;true;false;false;1697594400000000;1697590200000000;1697590200000000;09:45 - 10:00;false;false;false;15305;15316;15293;15366;15303;15293;1697590500000000;1697590800000000;true;10:00 - 10:15;09:45 - 10:00;;;;;-0.3;-0.5;0.1;0.1;-0.4;3.6;0.3;0.8;3.0;-0.4;3.6;Medium Uptrend;Strong Downtrend;false;true;77;0.2
2023-10-19;15161;15137;15161;15137;15161;15143;false;24;15173;15084;15168;15090;15121;true;true;true;true;true;false;false;1697677500000000;1697675400000000;1697675400000000;09:30 - 09:45;false;false;true;;;15084;15173;15173;15084;1697677800000000;1697685900000000;true;12:15 - 12:30;10:00 - 10:15;;;;;-2.2;-2.2;1.5;1.5;-2.3;1.5;1.0;0.2;-0.7;-2.3;1.5;Strong Downtrend;Contraction;true;false;49;0.5
2023-10-20;15028;15015;15025;15019;15020;15019;false;13;15073;15007;15072;15009;15045;true;true;true;true;true;false;false;1697762100000000;1697764500000000;1697762100000000;09:30 - 09:45;true;false;true;15016;15024;15007;15073;15007;15073;1697764500000000;1697776500000000;true;13:30 - 13:45;10:15 - 10:30;;;;;4.4;9.0;-0.6;-2.0;4.5;-0.6;0.4;0.4;2.4;-0.6;4.5;Strong Downtrend;Weak Downtrend;false;true;93;0.1
2023-10-23;14915;14893;14906;14895;14905;14895;false;22;14915;14882;14912;14882;14912;false;true;false;true;true;true;true;;1698027900000000;1698027900000000;11:15 - 11:30;false;true;false;14891;14908;14882;14915;14893;14882;1698028200000000;1698029700000000;false;11:45 - 12:00;11:30 - 11:45;;;;;-0.5;-1.1;0.0;-0.2;-0.5;1.0;0.5;0.0;0.8;-0.5;1.0;Medium Downtrend;Medium Downtrend;true;true;106;0.2
2023-10-24;14876;14835;14858;14836;14858;14838;false;41;14880;14803;14876;14807;14876;true;true;false;true;true;true;false;;1698107700000000;1698107700000000;09:30 - 09:45;false;true;false;14836;14845;14803;14880;14848;14803;1698109200000000;1698111300000000;true;10:30 - 10:45;10:00 - 10:15;;;;;-0.7;-1.5;0.3;0.5;-0.8;1.0;0.5;0.0;1.0;-0.8;1.0;Medium Uptrend;Medium Uptrend;true;true;65;0.6
2023-10-25;14991;14971;14990;14974;14974;14980;true;20;14996;14962;14995;14963;14963;true;true;true;true;true;false;false;1698196500000000;1698206100000000;1698196500000000;10:15 - 10:30;true;false;false;14968;14987;14962;14996;14976;14996;1698198300000000;1698202800000000;true;12:00 - 12:15;10:45 - 11:00;;;;;1.2;1.3;0.3;0.2;1.3;-0.4;0.2;0.5;-0.4;-0.4;1.3;Strong Uptrend;Weak Downtrend;true;true;78;0.3
2023-10-26;14873;14849;14870;14851;14870;14858;false;24;14864;14823;14861;14824;14832;false;true;false;true;true;true;true;;1698281100000000;1698281100000000;09:45 - 10:00;false;true;true;14846;14859;14823;14864;14862;14823;1698284400000000;1698287400000000;true;11:30 - 11:45;10:30 - 10:45;;;;;-1.0;-1.4;0.5;0.5;-1.1;0.6;0.8;0.3;-0.8;-1.1;0.6;Medium Downtrend;Weak Uptrend;false;true;96;0.3
2023-10-27;14818;14791;14813;14792;14813;14801;false;27;14838;14790;14837;14796;14837;true;true;true;false;true;true;false;1698370800000000;;1698370800000000;10:30 - 10:45;true;true;true;14790;14820;14807;14838;14822;14838;1698371100000000;1698372900000000;false;11:15 - 11:30;10:45 - 11:00;;;;;1.7;2.1;1.2;1.5;1.8;0.6;0.9;0.4;1.8;-0.0;1.8;Contraction;Expansion;false;true;92;0.3
2023-10-30;14754;14733;14749;14735;14735;14742;true;21;14763;14734;14759;14736;14758;true;false;true;false;true;true;true;1698630000000000;;1698630000000000;10:30 - 10:45;true;true;true;14734;14755;14742;14763;14752;14763;1698630300000000;1698630300000000;true;10:45 - 11:00;10:45 - 11:00;;;;;1.4;2.0;1.0;1.3;1.5;0.5;0.1;0.5;1.2;0.1;1.5;Strong Downtrend;Expansion;false;true;95;0.2
2023-10-31;14826;14814;14825;14815;14815;14825;true;12;14836;14768;14834;14769;14769;true;true;true;true;true;false;false;1698712500000000;1698716400000000;1698712500000000;09:30 - 09:45;true;false;false;14825;14825;14768;14836;14820;14836;1698713100000000;1698714300000000;true;10:00 - 10:15;09:45 - 10:00;;;;;1.8;2.1;0.5;0.5;1.9;-3.8;0.1;1.0;-3.7;-3.8;1.9;Contraction;Medium Uptrend;true;true;75;0.2
2023-11-01;14923;14904;14923;14907;14923;14907;false;19;14922;14896;14921;14896;14919;false;true;false;true;true;true;true;;1698798900000000;1698798900000000;09:30 - 09:45;false;true;false;14902;14907;14896;14922;;;;;false;;;;;;;;;;;-0.5;0.9;1.0;0.1;0.7;-0.5;0.9;Medium Uptrend;Medium Uptrend;true;true;50;0.4
2023-11-02;15095;15068;15093;15068;15068;15086;true;27;15105;15083;15105;15083;15092;true;false;true;false;true;true;true;1698886200000000;;1698886200000000;09:45 - 10:00;true;true;false;15084;15101;15083;15105;15089;15105;1698886800000000;1698888900000000;true;10:30 - 10:45;10:00 - 10:15;;;;;1.3;1.4;0.8;0.9;1.4;0.6;0.0;0.7;0.9;0.6;1.4;Strong Uptrend;Strong Uptrend;true;true;62;0.4
2023-11-03;15284;15270;15284;15270;15284;15270;false;14;15297;15269;15296;15269;15287;true;true;true;true;true;false;false;1698974100000000;;1698974100000000;10:15 - 10:30;true;true;true;15269;15285;15281;15297;15281;15297;1698975000000000;1698981900000000;true;12:15 - 12:30;10:30 - 10:45;;;;;1.9;1.9;0.8;0.8;2.0;0.8;1.0;0.0;1.3;-0.0;2.0;Strong Uptrend;Medium Uptrend;false;true;65;0.2
2023-11-06;15267;15246;15267;15249;15267;15251;false;21;15270;15248;15270;15250;15257;true;false;true;false;true;true;true;1699236000000000;;1699236000000000;11:00 - 11:15;true;true;false;15248;15267;15257;15269;15262;15269;1699236300000000;1699236300000000;true;11:00 - 11:15;11:00 - 11:15;;;;;1.0;1.1;0.8;0.8;1.1;0.6;1.0;0.3;0.6;0.1;1.2;Strong Downtrend;Medium Downtrend;false;true;64;0.3
2023-11-07;15201;15191;15201;15194;15194;15201;true;10;15208;15174;15203;15175;15175;true;true;true;true;true;false;false;1699321200000000;1699318500000000;1699318500000000;09:45 - 10:00;false;false;true;15190;15202;15174;15208;15208;15174;1699321500000000;1699334700000000;true;14:15 - 14:30;10:45 - 11:00;;;;;-1.7;-2.8;1.7;2.0;-1.7;1.7;0.3;1.0;-1.6;-1.7;1.7;Contraction;Medium Uptrend;true;true;40;0.3
2023-11-08;15220;15212;15220;15214;15214;15218;true;8;15220;15172;15220;15173;15183;false;true;false;true;true;true;true;;1699405200000000;1699405200000000;10:00 - 10:15;false;true;true;15211;15220;15172;15212;15212;15172;1699405500000000;1699415700000000;false;12:45 - 13:00;10:00 - 10:15;;;;;-5.0;-7.0;0.0;-0.4;-5.0;0.0;0.2;0.7;-3.7;-5.0;1.0;Medium Uptrend;Strong Uptrend;false;true;48;0.2
2023-11-09;15281;15262;15275;15265;15275;15270;false;19;15288;15265;15288;15268;15284;true;false;true;false;true;true;true;1699493700000000;;1699493700000000;10:30 - 10:45;true;true;true;15265;15282;15266;15288;15278;15288;1699495200000000;1699495500000000;true;11:00 - 11:15;11:00 - 11:15;;;;;1.3;2.3;0.9;1.3;1.4;0.3;0.7;0.5;1.2;0.2;1.4;Strong Downtrend;Strong Uptrend;true;false;52;0.4
2023-11-10;15319;15295;15319;15301;15319;15307;false;24;15318;15289;15318;15289;15301;false;true;false;true;true;true;true;;1699587300000000;1699587300000000;12:30 - 12:45;false;true;false;15296;15318;15289;15311;15297;15289;1699587900000000;1699588200000000;true;12:45 - 13:00;12:45 - 13:00;;;;;-0.2;-0.6;0.0;-0.3;-0.3;0.6;1.0;0.5;0.2;-0.3;0.9;Strong Downtrend;Strong Downtrend;false;false;79;0.3
2023-11-13;15353;15335;15353;15335;15353;15335;false;18;15336;15282;15334;15284;15297;false;true;false;true;true;true;true;;1699835400000000;1699835400000000;09:30 - 09:45;false;true;true;;;15282;15334;15334;15282;1699835700000000;1699851900000000;false;14:00 - 14:15;09:30 - 09:45;;;;;-2.9;-2.9;-0.1;-0.1;-3.0;-0.1;1.0;0.0;-2.2;-3.0;0.0;Strong Uptrend;Contraction;true;true;39;0.5
2023-11-14;15418;15402;15418;15402;15418;15402;false;16;15419;15393;15419;15394;15401;true;true;true;true;true;false;false;1699926000000000;1699930800000000;1699926000000000;10:30 - 10:45;true;false;false;15404;15418;15393;15419;;;;;false;;;;;;;;;;;1.1;-0.5;1.0;0.0;-0.0;-0.5;1.1;Strong Uptrend;Strong Uptrend;true;true;54;0.3
2023-11-15;15688;15681;15688;15684;15688;15688;false;7;15702;15665;15701;15665;15701;true;true;true;true;true;false;false;1700025900000000;1700008800000000;1700008800000000;09:30 - 09:45;false;false;false;15681;15689;15665;15702;15682;15665;1700009400000000;1700011800000000;true;10:30 - 10:45;09:45 - 10:00;;;;;-2.2;-4.7;0.1;-0.5;-2.3;3.0;1.0;1.0;2.8;-2.3;3.0;Strong Uptrend;Medium Uptrend;true;true;46;0.2
2023-11-16;15821;15801;15817;15801;15801;15810;true;20;15811;15760;15811;15761;15782;false;true;false;true;true;true;true;;1700095200000000;1700095200000000;09:30 - 09:45;false;true;true;15805;15811;15760;15805;15805;15760;1700096400000000;1700106300000000;true;12:45 - 13:00;10:00 - 10:15;;;;;-2.0;-2.5;0.2;0.2;-2.1;0.2;0.0;0.4;-1.0;-2.1;0.5;Medium Uptrend;Weak Uptrend;false;true;50;0.4
2023-11-17;15876;15870;15876;15870;15876;15874;false;6;15888;15873;15888;15873;15875;true;false;true;false;true;true;true;1700181000000000;;1700181000000000;09:30 - 09:45;true;true;false;;;15874;15888;15874;15888;1700188800000000;1700193300000000;true;12:45 - 13:00;11:30 - 11:45;;;;;3.0;3.0;0.7;0.7;3.0;0.7;1.0;0.7;0.9;0.5;3.0;Contraction;Strong Uptrend;true;true;31;0.2
2023-11-20;16000;15990;16000;15996;15996;15999;true;10;16003;15970;16002;15970;15979;true;true;true;true;true;false;false;1700441100000000;1700443200000000;1700441100000000;09:45 - 10:00;true;false;false;15995;16000;15970;16003;15995;16003;1700441400000000;1700441400000000;true;09:45 - 10:00;09:45 - 10:00;;;;;1.3;1.7;0.5;-0.2;1.3;-2.0;0.6;0.9;-1.1;-2.0;1.3;Strong Uptrend;Medium Downtrend;true;true;34;0.3
2023-11-21;15987;15980;15984;15980;15984;15980;false;7;15987;15972;15986;15972;15977;false;true;false;true;true;true;true;;1700528100000000;1700528100000000;09:45 - 10:00;false;true;true;15980;15983;15972;15987;15986;15972;1700531100000000;1700533800000000;true;11:30 - 11:45;10:45 - 11:00;;;;;-1.1;-2.0;0.8;1.5;-1.2;1.0;0.5;0.0;-0.5;-1.2;1.0;Strong Uptrend;Contraction;false;true;22;0.3
2023-11-22;15969;15959;15968;15963;15967;15967;false;10;15982;15965;15981;15967;15969;true;false;true;false;true;true;true;1700613000000000;;1700613000000000;09:30 - 09:45;true;true;false;;;15965;15982;15967;15982;1700614200000000;1700620500000000;true;11:30 - 11:45;09:45 - 10:00;;;;;2.3;3.8;0.8;0.8;2.3;0.6;0.8;0.8;1.0;0.6;2.3;Medium Downtrend;Weak Uptrend;false;true;53;0.2
2023-11-23;15994;15985;15994;15985;15994;15985;false;9;16003;15984;16003;15984;15988;true;true;true;true;true;false;false;1700702100000000;1700713200000000;1700702100000000;10:15 - 10:30;true;false;false;15985;15996;15984;16003;15994;16003;1700702400000000;1700707800000000;false;11:45 - 12:00;10:15 - 10:30;;;;;2.0;2.0;1.0;1.0;2.0;-0.1;1.0;0.0;0.4;-0.1;2.0;Medium Downtrend;Strong Uptrend;false;true;20;0.5
2023-11-24;16045;16034;16044;16034;16034;16044;true;11;16054;16040;16054;16040;16040;true;false;true;false;true;true;true;1700785800000000;;1700785800000000;09:30 - 09:45;true;true;false;;;16040;16054;16045;16054;1700786400000000;1700791200000000;false;11:00 - 11:15;09:30 - 09:45;;;;;1.8;2.0;1.0;1.1;1.9;0.6;0.0;1.0;0.6;0.6;1.9;None;Medium Uptrend;true;true;28;0.4
2023-11-27;16063;16051;16061;16053;16061;16053;false;12;16065;16025;16065;16025;16026;true;true;true;true;true;false;false;1701048300000000;1701046800000000;1701046800000000;10:00 - 10:15;false;false;true;16050;16054;16025;16065;16065;16025;1701048300000000;1701062100000000;true;14:15 - 14:30;10:15 - 10:30;;;;;-2.1;-3.5;1.1;1.5;-2.2;1.1;0.8;0.1;-2.1;-2.2;1.1;Contraction;Medium Downtrend;false;true;24;0.5
2023-11-28;16003;15993;16000;15993;15999;15993;false;10;15999;15987;15999;15988;15990;false;true;false;true;true;true;true;;1701135300000000;1701135300000000;10:30 - 10:45;false;true;true;15991;15999;15987;15998;15998;15987;1701137100000000;1701148800000000;true;14:15 - 14:30;11:00 - 11:15;;;;;-0.6;-0.8;0.5;0.7;-0.6;0.5;0.6;0.0;-0.3;-0.6;0.6;Strong Downtrend;Medium Uptrend;true;true;26;0.4
2023-11-29;16026;16023;16026;16023;16023;16025;true;3;16046;16023;16046;16025;16034;true;false;true;false;true;true;true;1701218400000000;;1701218400000000;09:30 - 09:45;true;true;true;16023;16026;16030;16046;16030;16046;1701218700000000;1701221100000000;false;10:15 - 10:30;09:45 - 10:00;;;;;7.6;7.6;2.4;2.4;7.7;2.4;0.0;0.7;3.7;0.0;7.7;Strong Uptrend;Strong Uptrend;true;true;42;0.1
2023-11-30;16215;16202;16211;16204;16209;16204;false;13;16257;16204;16253;16204;16248;true;false;true;false;true;true;true;1701304500000000;;1701304500000000;09:30 - 09:45;true;true;true;16206;16209;16204;16257;16204;16257;1701309000000000;1701321300000000;true;14:15 - 14:30;10:45 - 11:00;;;;;4.2;7.5;0.2;0.0;4.3;0.2;0.6;0.2;3.6;0.2;4.3;Contraction;Medium Uptrend;true;true;38;0.3
2023-12-01;16282;16268;16282;16272;16282;16275;false;14;16338;16272;16337;16273;16322;true;false;true;false;true;true;true;1701394200000000;;1701394200000000;10:30 - 10:45;true;true;true;16272;16281;16285;16338;16285;16338;1701394500000000;1701398700000000;false;11:45 - 12:00;10:30 - 10:45;;;;;5.0;6.6;1.3;1.3;5.0;1.3;1.0;0.5;3.9;0.3;5.0;Strong Uptrend;Weak Uptrend;true;true;61;0.2
2023-12-04;16447;16429;16439;16429;16437;16439;true;18;16454;16434;16454;16435;16445;true;false;true;false;true;true;true;1701663600000000;;1701663600000000;13:15 - 13:30;true;true;false;16434;16448;16439;16454;16449;16454;1701663900000000;1701664800000000;false;13:30 - 13:45;13:15 - 13:30;;;;;1.3;2.5;1.2;2.0;1.4;0.6;0.5;0.6;0.9;0.3;1.4;Strong Uptrend;Contraction;false;false;40;0.5
2023-12-05;16452;16438;16451;16445;16445;16448;true;14;16452;16433;16451;16434;16440;false;true;false;true;true;true;true;;1701737700000000;1701737700000000;09:45 - 10:00;false;true;false;16443;16449;16433;16452;16451;16433;1701738300000000;1701740100000000;true;10:30 - 10:45;10:00 - 10:15;;;;;-0.3;-2.0;0.9;1.0;-0.4;1.0;0.5;0.7;0.1;-0.4;1.0;Contraction;Strong Uptrend;true;true;48;0.3
2023-12-06;16582;16562;16580;16564;16564;16580;true;20;16624;16574;16623;16578;16623;true;false;true;false;true;true;true;1701824100000000;;1701824100000000;09:45 - 10:00;true;true;true;16574;16581;16585;16624;16585;16624;1701824400000000;1701840300000000;false;14:15 - 14:30;10:00 - 10:15;;;;;3.1;3.7;1.2;1.4;3.1;1.2;0.1;0.9;3.1;0.6;3.1;Strong Uptrend;Strong Uptrend;false;true;80;0.3
2023-12-07;16653;16639;16647;16643;16643;16643;false;14;16654;16623;16654;16623;16632;true;true;true;true;true;false;false;1701909300000000;1701911100000000;1701909300000000;09:30 - 09:45;true;false;false;16644;16649;16623;16654;;;;;false;;;;;;;;;;;1.1;-1.1;0.3;0.3;-0.5;-1.1;1.1;Strong Downtrend;Weak Uptrend;true;true;27;0.5
2023-12-08;16669;16657;16669;16659;16664;16669;true;12;16686;16665;16683;16666;16680;true;false;true;false;true;true;true;1701995400000000;;1701995400000000;09:30 - 09:45;true;true;true;;;16665;16686;16665;16686;1701997200000000;1702012800000000;true;14:15 - 14:30;10:00 - 10:15;;;;;2.4;2.7;0.7;0.6;2.5;0.7;0.6;1.0;2.0;0.7;2.5;Medium Uptrend;Strong Uptrend;true;true;58;0.2
2023-12-11;16831;16809;16822;16809;16815;16809;false;22;16809;16782;16809;16782;16793;false;true;false;true;true;true;true;;1702254600000000;1702254600000000;09:30 - 09:45;false;true;true;;;16782;16808;16808;16782;1702254900000000;1702257300000000;false;10:15 - 10:30;09:30 - 09:45;;;;;-1.2;-2.0;-0.1;-0.1;-1.3;-0.1;0.2;0.0;-0.8;-1.3;0.0;Strong Uptrend;Weak Uptrend;true;true;41;0.5
2023-12-12;16849;16837;16847;16838;16839;16847;true;12;16863;16846;16863;16846;16860;true;false;true;false;true;true;true;1702341000000000;;1702341000000000;09:30 - 09:45;true;true;true;;;16848;16863;16850;16863;1702341300000000;1702343400000000;false;10:00 - 10:15;09:30 - 09:45;;;;;2.1;2.7;1.1;1.4;2.2;1.0;0.2;0.9;2.0;0.8;2.2;Strong Uptrend;Strong Downtrend;true;true;42;0.3
2023-12-13;16835;16824;16834;16824;16834;16825;false;11;16834;16782;16834;16783;16793;false;true;false;true;true;true;true;;1702431600000000;1702431600000000;10:30 - 10:45;false;true;true;16824;16834;16782;16819;16819;16782;1702431900000000;1702441200000000;false;13:15 - 13:30;10:45 - 11:00;;;;;-3.8;-4.2;-0.5;-0.5;-3.9;-0.5;0.9;0.0;-2.9;-3.9;0.9;Strong Uptrend;Medium Downtrend;false;false;33;0.3
2023-12-14;16948;16920;16941;16925;16925;16941;true;28;16973;16938;16973;16942;16963;true;false;true;false;true;true;true;1702514400000000;;1702514400000000;09:30 - 09:45;true;true;true;16938;16951;16942;16973;16942;16973;1702515600000000;1702529400000000;true;13:45 - 14:00;10:00 - 10:15;;;;;1.8;3.0;0.8;1.1;1.9;0.8;0.2;0.8;1.6;0.7;1.9;Strong Uptrend;Strong Downtrend;false;true;168;0.2
2023-12-15;16949;16938;16947;16941;16941;16947;true;11;16978;16943;16977;16944;16967;true;false;true;false;true;true;true;1702600200000000;;1702600200000000;09:30 - 09:45;true;true;true;;;16943;16978;16943;16978;1702604400000000;1702612500000000;true;12:45 - 13:00;10:30 - 10:45;;;;;3.6;6.1;0.5;0.4;3.7;0.5;0.3;0.9;2.7;0.5;3.7;Strong Uptrend;Strong Downtrend;true;false;46;0.2
2023-12-18;16936;16926;16932;16926;16926;16930;true;10;16934;16902;16934;16907;16920;false;true;false;true;true;true;true;;1702860300000000;1702860300000000;09:45 - 10:00;false;true;true;16923;16930;16902;16934;16927;16902;1702860900000000;1702863900000000;true;10:45 - 11:00;09:45 - 10:00;;;;;-2.4;-4.0;0.1;0.1;-2.4;0.8;0.0;0.4;-0.6;-2.4;0.8;Contraction;Medium Downtrend;false;false;49;0.2
2023-12-19;16866;16853;16865;16853;16853;16865;true;13;16886;16855;16883;16855;16868;true;false;true;false;true;true;true;1702945800000000;;1702945800000000;09:30 - 09:45;true;true;true;;;16855;16886;16855;16886;1702950300000000;1702954200000000;true;11:45 - 12:00;10:45 - 11:00;;;;;2.5;2.7;0.2;0.2;2.6;0.2;0.0;1.0;1.2;0.2;2.6;Medium Uptrend;Medium Uptrend;true;true;42;0.3
2023-12-20;16972;16960;16969;16961;16964;16961;false;12;16999;16936;16991;16938;16965;true;true;true;true;true;false;false;1703042700000000;1703032800000000;1703032800000000;09:30 - 09:45;false;false;false;16962;16965;16936;16999;16956;16936;1703033100000000;1703034000000000;false;10:00 - 10:15;09:45 - 10:00;;;;;-2.0;-3.1;-0.4;-0.7;-2.0;3.2;0.3;0.0;0.4;-2.0;3.2;Strong Uptrend;Medium Downtrend;false;true;49;0.2
2023-12-21;16845;16828;16845;16831;16845;16831;false;17;16861;16824;16859;16826;16856;true;true;true;true;true;false;false;1703125800000000;1703123400000000;1703123400000000;10:45 - 11:00;false;false;false;16824;16842;16827;16861;16848;16827;1703125800000000;1703131200000000;true;13:00 - 13:15;11:30 - 11:45;;;;;-0.0;-0.2;1.1;1.2;-0.1;1.9;1.0;0.1;1.6;-0.3;1.9;Strong Downtrend;Weak Downtrend;true;true;50;0.3
2023-12-22;16903;16891;16899;16891;16899;16894;false;12;16896;16846;16895;16846;16852;false;true;false;true;true;true;true;;1703206200000000;1703206200000000;09:45 - 10:00;false;true;true;16891;16896;16846;16889;16889;16846;1703206500000000;1703221500000000;false;14:00 - 14:15;09:45 - 10:00;;;;;-3.7;-5.6;-0.2;-0.3;-3.8;-0.2;0.6;0.2;-3.3;-3.8;0.4;Strong Uptrend;Medium Uptrend;false;true;46;0.3
2023-12-27;16961;16950;16959;16950;16956;16950;false;11;16952;16929;16951;16931;16951;false;true;false;true;true;true;true;;1703637300000000;1703637300000000;09:30 - 09:45;false;true;false;16949;16952;16929;16951;16946;16929;1703637600000000;1703639700000000;false;10:15 - 10:30;09:30 - 09:45;;;;;-1.9;-2.3;-0.4;-0.5;-2.0;0.0;0.5;0.0;0.0;-2.0;0.1;Strong Uptrend;Contraction;true;true;37;0.3
2023-12-28;16945;16937;16942;16938;16940;16941;true;8;16983;16943;16980;16943;16977;true;false;true;false;true;true;true;1703723400000000;;1703723400000000;09:30 - 09:45;true;true;true;;;16945;16983;16945;16983;1703723700000000;1703740200000000;false;14:00 - 14:15;09:30 - 09:45;;;;;5.7;11.2;1.0;1.8;5.8;1.0;0.4;0.5;5.0;0.8;5.8;Strong Uptrend;Medium Downtrend;false;true;33;0.2
2024-08-09;17780;17743;17780;17743;17780;17754;false;37;17825;17724;17825;17731;17757;true;true;true;true;true;false;false;1723167000000000;1723179300000000;1723167000000000;10:30 - 10:45;true;false;false;17740;17780;17724;17825;17775;17825;1723168800000000;1723172100000000;true;11:45 - 12:00;11:00 - 11:15;;;;;2.2;2.2;0.9;0.9;2.3;-0.5;1.0;0.3;0.4;-0.5;2.3;Strong Uptrend;Medium Downtrend;true;true;80;0.5
2024-08-12;17873;17814;17865;17814;17814;17861;true;59;17894;17848;17890;17851;17858;true;false;true;false;true;true;true;1723425300000000;;1723425300000000;10:15 - 10:30;true;true;false;17848;17865;17852;17894;17852;17894;1723427100000000;1723432200000000;true;12:00 - 12:15;10:45 - 11:00;;;;;1.3;1.5;0.7;0.8;1.4;0.7;0.0;0.8;0.8;0.6;1.4;Strong Uptrend;Medium Downtrend;false;true;102;0.6
2024-08-13;17818;17773;17818;17773;17818;17788;false;45;17840;17775;17832;17778;17832;true;false;true;false;true;true;true;1723524000000000;;1723524000000000;13:30 - 13:45;true;true;true;17775;17815;17810;17840;17810;17840;1723524900000000;1723526700000000;true;14:15 - 14:30;13:45 - 14:00;;;;;1.4;1.4;0.9;0.9;1.5;0.9;1.0;0.4;1.4;0.1;1.5;Contraction;Medium Downtrend;true;true;38;1.2
2024-08-14;17924;17910;17923;17910;17921;17919;false;14;17950;17898;17947;17900;17920;true;true;true;true;true;false;false;1723599000000000;1723601400000000;1723599000000000;10:30 - 10:45;true;false;false;17920;17923;17898;17950;17933;17950;1723599900000000;1723600500000000;false;10:45 - 11:00;10:45 - 11:00;;;;;2.8;3.0;1.7;1.8;2.9;-0.8;0.8;0.7;0.8;-0.8;2.9;Strong Uptrend;Expansion;false;true;71;0.2
2024-08-15;17994;17965;17985;17965;17965;17980;true;29;18050;17977;18049;17977;18006;true;false;true;false;true;true;true;1723683000000000;;1723683000000000;09:45 - 10:00;true;true;true;17977;17990;17990;18050;17990;18050;1723685100000000;1723688700000000;true;11:15 - 11:30;10:15 - 10:30;;;;;2.9;4.2;0.9;1.3;3.0;0.9;0.0;0.6;1.5;0.5;3.0;Medium Uptrend;Strong Uptrend;true;true;56;0.5
2024-08-16;18288;18271;18279;18272;18279;18272;false;17;18308;18260;18303;18261;18288;true;true;true;true;true;false;false;1723771500000000;1723768500000000;1723768500000000;09:30 - 09:45;false;false;false;18281;18281;18260;18308;18308;18260;1723774500000000;1723783200000000;true;13:30 - 13:45;11:15 - 11:30;;;;;-0.6;-1.7;2.1;5.1;-0.7;2.1;0.4;0.0;1.0;-0.7;2.1;Strong Uptrend;Strong Uptrend;true;true;69;0.2
2024-08-19;18424;18380;18424;18404;18424;18406;false;44;18419;18364;18418;18367;18367;false;true;false;true;true;true;true;;1724035200000000;1724035200000000;11:30 - 11:45;false;true;true;18388;18419;18364;18400;18400;18364;1724038200000000;1724042400000000;true;13:30 - 13:45;12:30 - 12:45;;;;;-0.3;-2.0;0.4;-0.2;-0.4;0.4;1.0;0.5;-0.3;-0.4;0.8;Medium Uptrend;Strong Uptrend;true;true;67;0.7
2024-08-20;18505;18485;18499;18486;18499;18491;false;20;18515;18481;18515;18481;18512;true;true;true;true;true;false;false;1724121900000000;1724115900000000;1724115900000000;10:00 - 10:15;false;false;false;18482;18495;18481;18515;;;;;false;;;;;;;;;;;-0.2;1.5;0.7;0.3;1.3;-0.2;1.5;Contraction;Strong Downtrend;false;true;57;0.4
2024-08-21;18435;18417;18435;18417;18424;18417;false;18;18452;18406;18450;18406;18450;true;true;true;true;true;false;false;1724211300000000;1724200200000000;1724200200000000;09:30 - 09:45;false;false;false;;;18406;18452;18429;18406;1724201400000000;1724206200000000;true;11:00 - 11:15;09:45 - 10:00;;;;;-0.6;-0.6;0.6;0.6;-0.7;1.9;0.3;0.0;1.8;-0.7;1.9;Medium Downtrend;Medium Uptrend;true;true;68;0.3
2024-08-22;18563;18539;18550;18540;18540;18540;false;24;18550;18490;18549;18490;18513;false;true;false;true;true;true;true;;1724288700000000;1724288700000000;10:00 - 10:15;false;true;true;18540;18550;18490;18540;18540;18490;1724289900000000;1724297700000000;true;12:30 - 12:45;10:15 - 10:30;;;;;-2.0;-5.0;0.0;0.0;-2.1;0.0;0.0;0.0;-1.1;-2.1;0.4;Strong Uptrend;Weak Uptrend;false;true;65;0.4
2024-08-23;18529;18504;18522;18504;18504;18522;true;25;18561;18509;18559;18509;18556;true;false;true;false;true;true;true;1724381100000000;;1724381100000000;11:45 - 12:00;true;true;true;18509;18529;18526;18561;18526;18561;1724381400000000;1724390700000000;true;14:15 - 14:30;11:45 - 12:00;;;;;2.2;3.1;0.9;1.3;2.3;0.9;0.0;0.8;2.1;0.2;2.3;Strong Downtrend;Strong Uptrend;false;true;106;0.2
2024-08-26;18671;18629;18671;18629;18671;18629;false;42;18668;18621;18668;18624;18631;false;true;false;true;true;true;true;;1724632200000000;1724632200000000;09:30 - 09:45;false;true;false;;;18621;18668;18668;18621;1724634000000000;1724649000000000;true;14:00 - 14:15;10:00 - 10:15;;;;;-0.1;-0.1;0.9;0.9;-0.2;0.9;1.0;0.0;0.0;-0.2;0.9;Contraction;Medium Uptrend;true;true;44;1.0
2024-08-27;18683;18672;18683;18678;18683;18682;false;11;18713;18673;18710;18673;18707;true;false;true;false;true;true;true;1724718600000000;;1724718600000000;09:30 - 09:45;true;true;true;;;18673;18713;18673;18713;1724722800000000;1724735400000000;true;14:00 - 14:15;10:30 - 10:45;;;;;3.7;7.0;0.1;-1.0;3.8;0.1;1.0;1.0;3.2;0.1;3.8;Contraction;Strong Uptrend;false;true;48;0.2
2024-08-28;18753;18723;18751;18723;18751;18733;false;30;18768;18732;18768;18733;18768;true;false;true;false;true;true;true;1724817000000000;;1724817000000000;12:45 - 13:00;true;true;true;18732;18753;18752;18768;18752;18768;1724817300000000;1724822700000000;true;14:15 - 14:30;12:45 - 13:00;;;;;1.5;1.6;1.0;1.1;1.5;1.0;1.0;0.4;1.5;0.3;1.5;Weak Downtrend;Strong Uptrend;false;true;44;0.7
2024-08-29;18813;18785;18813;18800;18800;18813;true;28;18838;18800;18836;18800;18832;true;false;true;false;true;true;true;1724891400000000;;1724891400000000;09:30 - 09:45;true;true;true;;;18800;18838;18800;18838;1724897700000000;1724904600000000;true;13:00 - 13:15;11:15 - 11:30;;;;;1.8;2.9;0.6;0.0;1.9;0.6;0.6;1.0;1.7;0.6;1.9;Strong Downtrend;Strong Uptrend;true;false;63;0.4
