date;dr_high;dr_low;idr_high;idr_low;dr_open;dr_close;greenbox;session_high;session_low;session_body_high;session_body_low;session_close;breached_dr_high;breached_dr_low;closed_above_dr_high;closed_below_dr_high;dr_confirmed;dr_true_close;dr_true_wick;up_confirmation;down_confirmation;breakout_time;breakout_window;dr_upday;dr_true;close_outside_dr;max_expansion_time;max_retracement_time;max_expansion_value;max_retracement_value;retrace_into_dr;retrace_into_idr;expansion_window;retracement_window;expansion_level;retracement_level
2023-09-04;4530.25;4524.25;4529.5;4524.75;4525.0;4528.0;True;4531.25;4526.25;4530.5;4526.75;4529.25;True;False;True;False;True;True;True;2023-09-04 04:20:00-04:00;;04:20:00;04:00 - 04:30;True;True;False;06:10:00;04:50:00;4531.25;4527.25;True;True;06:00 - 06:30;04:30 - 05:00;1.3;0.5
2023-09-05;4512.5;4504.0;4511.5;4505.5;4511.5;4506.0;False;4517.75;4500.0;4517.25;4500.25;4510.25;True;True;True;True;True;False;False;2023-09-05 05:20:00-04:00;2023-09-05 04:10:00-04:00;04:10:00;04:00 - 04:30;False;False;False;04:15:00;04:15:00;4500.0;4502.25;False;False;04:00 - 04:30;04:00 - 04:30;-0.9;-0.5
2023-09-06;4495.75;4486.25;4495.75;4488.25;4495.75;4489.75;False;4496.0;4489.0;4496.0;4489.5;4491.75;True;False;True;False;True;True;True;;;;No breakout;False;True;False;06:10:00;04:00:00;4496.0;4489.0;True;True;06:00 - 06:30;04:00 - 04:30;1.0;0.1
2023-09-07;4463.0;4453.5;4462.5;4454.5;4458.75;4462.5;True;4464.5;4448.0;4464.0;4448.75;4451.25;True;True;True;True;True;False;False;2023-09-07 05:30:00-04:00;2023-09-07 04:25:00-04:00;04:25:00;04:00 - 04:30;False;False;True;08:20:00;05:35:00;4448.0;4464.5;True;True;08:00 - 08:30;05:30 - 06:00;-0.8;1.2
2023-09-08;4517.75;4505.75;4514.5;4506.75;4514.5;4511.5;False;4514.0;4491.75;4511.75;4493.0;4503.25;False;True;False;True;True;True;True;;2023-09-08 04:15:00-04:00;04:15:00;04:00 - 04:30;False;True;True;05:00:00;04:20:00;4491.75;4504.5;False;False;05:00 - 05:30;04:00 - 04:30;-1.9;-0.2
2023-09-11;4532.0;4524.25;4531.75;4524.25;4524.25;4529.5;True;4534.75;4522.75;4534.25;4523.25;4533.75;True;True;True;True;True;False;False;2023-09-11 07:35:00-04:00;2023-09-11 04:50:00-04:00;04:50:00;04:30 - 05:00;False;False;False;04:55:00;04:55:00;4522.75;4524.25;False;False;04:30 - 05:00;04:30 - 05:00;-0.2;0.0
2023-09-12;4537.75;4527.5;4536.0;4529.0;4536.0;4529.25;False;4532.75;4524.5;4532.0;4525.25;4529.25;False;True;False;True;True;True;True;;2023-09-12 04:00:00-04:00;04:00:00;04:00 - 04:30;False;True;False;08:00:00;06:30:00;4524.5;4532.75;True;True;08:00 - 08:30;06:30 - 07:00;-0.6;0.5
2023-09-13;4518.5;4508.75;4517.0;4508.75;4511.25;4513.5;True;4516.0;4504.5;4515.25;4504.75;4512.5;False;True;False;True;True;True;True;;2023-09-13 04:45:00-04:00;04:45:00;04:30 - 05:00;False;True;False;06:25:00;05:40:00;4504.5;4513.0;True;True;06:00 - 06:30;05:30 - 06:00;-0.5;0.5
2023-09-14;4530.25;4525.5;4529.5;4526.25;4529.5;4527.25;False;4539.5;4522.0;4537.75;4523.5;4537.0;True;True;True;True;True;False;False;2023-09-14 05:10:00-04:00;2023-09-14 04:20:00-04:00;04:20:00;04:00 - 04:30;False;False;False;04:25:00;04:25:00;4522.0;4525.25;False;False;04:00 - 04:30;04:00 - 04:30;-1.3;-0.3
2023-09-15;4565.25;4557.0;4564.25;4558.25;4563.75;4560.5;False;4561.75;4555.75;4561.5;4556.25;4557.25;False;True;False;True;True;True;True;;2023-09-15 05:10:00-04:00;05:10:00;05:00 - 05:30;False;True;False;08:20:00;06:25:00;4555.75;4561.75;True;True;08:00 - 08:30;06:00 - 06:30;-0.4;0.5
2023-09-18;4507.5;4499.5;4507.25;4500.25;4502.75;4505.5;True;4506.5;4487.0;4506.0;4488.25;4493.5;False;True;False;True;True;True;True;;2023-09-18 07:20:00-04:00;07:20:00;07:00 - 07:30;False;True;True;07:50:00;07:25:00;4487.0;4499.5;False;False;07:30 - 08:00;07:00 - 07:30;-1.8;-0.1
2023-09-19;4506.75;4496.5;4506.5;4498.25;4498.25;4505.5;True;4509.5;4502.0;4509.25;4502.75;4504.0;True;False;True;False;True;True;True;2023-09-19 05:25:00-04:00;;05:25:00;05:00 - 05:30;True;True;False;06:40:00;06:00:00;4509.5;4506.5;True;False;06:30 - 07:00;06:00 - 06:30;1.3;1.0
2023-09-20;4494.0;4488.75;4493.25;4489.5;4489.5;4492.25;True;4504.0;4489.25;4503.5;4489.25;4502.0;True;False;True;False;True;True;True;2023-09-20 04:20:00-04:00;;04:20:00;04:00 - 04:30;True;True;True;08:20:00;04:25:00;4504.0;4494.0;False;False;08:00 - 08:30;04:00 - 04:30;3.8;1.1
2023-09-21;4439.25;4427.0;4439.0;4433.25;4438.25;4436.0;False;4438.5;4408.25;4436.25;4409.0;4410.75;False;True;False;True;True;True;True;;2023-09-21 05:40:00-04:00;05:40:00;05:30 - 06:00;False;True;True;08:20:00;05:45:00;4408.25;4428.0;True;False;08:00 - 08:30;05:30 - 06:00;-4.3;-0.9
2023-09-22;4384.25;4375.5;4383.25;4376.75;4380.25;4376.75;False;4390.75;4373.5;4389.5;4375.0;4389.5;True;True;True;True;True;False;False;2023-09-22 08:00:00-04:00;2023-09-22 04:00:00-04:00;04:00:00;04:00 - 04:30;False;False;False;04:05:00;04:05:00;4373.5;4376.75;True;False;04:00 - 04:30;04:00 - 04:30;-0.5;0.0
2023-09-25;4379.5;4371.5;4379.5;4371.75;4371.75;4375.5;True;4377.0;4343.5;4375.75;4345.0;4348.75;False;True;False;True;True;True;True;;2023-09-25 04:15:00-04:00;04:15:00;04:00 - 04:30;False;True;True;08:20:00;04:20:00;4343.5;4370.5;False;False;08:00 - 08:30;04:00 - 04:30;-3.6;-0.1
2023-09-26;4355.5;4344.0;4355.25;4346.0;4353.5;4354.5;True;4366.75;4353.25;4366.0;4354.0;4360.5;True;False;True;False;True;True;True;2023-09-26 04:00:00-04:00;;04:00:00;04:00 - 04:30;True;True;True;08:05:00;05:55:00;4366.75;4353.25;True;True;08:00 - 08:30;05:30 - 06:00;2.2;0.7
2023-09-27;4335.5;4325.5;4335.0;4328.5;4329.0;4335.0;True;4336.5;4325.75;4335.5;4326.0;4327.75;True;False;False;False;False;False;True;;;;No breakout;False;True;False;04:05:00;04:00:00;4336.5;4334.25;True;True;04:00 - 04:30;04:00 - 04:30;1.2;0.8
2023-09-28;4321.5;4312.5;4320.25;4314.75;4316.25;4315.25;False;4321.5;4302.25;4319.75;4302.25;4318.5;False;True;False;True;True;True;True;;2023-09-28 04:00:00-04:00;04:00:00;04:00 - 04:30;False;True;False;05:15:00;04:50:00;4302.25;4316.0;True;True;05:00 - 05:30;04:30 - 05:00;-2.2;0.2
2023-09-29;4357.0;4345.75;4355.5;4346.75;4347.25;4355.0;True;4361.5;4349.75;4360.5;4351.75;4359.5;True;False;True;False;True;True;True;2023-09-29 04:20:00-04:00;;04:20:00;04:00 - 04:30;True;True;True;06:15:00;05:00:00;4361.5;4352.75;True;True;06:00 - 06:30;05:00 - 05:30;1.6;0.6
2023-10-02;4355.5;4347.0;4355.25;4348.0;4349.5;4349.75;True;4353.75;4313.25;4353.25;4315.5;4317.5;False;True;False;True;True;True;True;;2023-10-02 04:55:00-04:00;04:55:00;04:30 - 05:00;False;True;True;08:20:00;05:00:00;4313.25;4346.5;False;False;08:00 - 08:30;05:00 - 05:30;-4.7;-0.2
2023-10-03;4329.75;4322.0;4328.5;4322.25;4323.0;4325.25;True;4335.75;4298.5;4335.5;4300.0;4303.75;True;True;True;True;True;False;False;2023-10-03 04:00:00-04:00;2023-10-03 07:00:00-04:00;04:00:00;04:00 - 04:30;True;False;False;04:20:00;04:05:00;4335.75;4330.5;False;False;04:00 - 04:30;04:00 - 04:30;2.1;1.3
2023-10-04;4253.5;4235.5;4253.0;4236.0;4236.0;4253.0;True;4282.0;4249.0;4276.5;4252.25;4274.25;True;False;True;False;True;True;True;2023-10-04 04:05:00-04:00;;04:05:00;04:00 - 04:30;True;True;True;08:15:00;04:10:00;4282.0;4253.25;True;False;08:00 - 08:30;04:00 - 04:30;2.7;1.0
2023-10-05;4288.75;4282.25;4288.75;4282.75;4288.75;4286.5;False;4302.0;4277.25;4301.25;4278.75;4294.75;True;True;True;True;True;False;False;2023-10-05 04:00:00-04:00;2023-10-05 05:00:00-04:00;04:00:00;04:00 - 04:30;True;False;True;08:05:00;05:40:00;4302.0;4277.25;True;True;08:00 - 08:30;05:30 - 06:00;3.2;-0.9
2023-10-06;4294.5;4283.25;4293.75;4285.25;4285.5;4293.75;True;4305.25;4289.75;4305.0;4290.5;4294.25;True;False;True;False;True;True;True;2023-10-06 04:05:00-04:00;;04:05:00;04:00 - 04:30;True;True;False;06:30:00;04:30:00;4305.25;4289.75;True;True;06:30 - 07:00;04:30 - 05:00;2.3;0.5
2023-10-09;4312.0;4299.5;4310.0;4301.5;4309.75;4306.5;False;4322.5;4305.25;4321.25;4306.0;4318.5;True;False;True;False;True;True;True;2023-10-09 04:35:00-04:00;;04:35:00;04:30 - 05:00;True;True;True;05:05:00;04:40:00;4322.5;4312.75;False;False;05:00 - 05:30;04:30 - 05:00;2.4;1.3
2023-10-10;4377.5;4369.0;4376.75;4369.75;4369.75;4372.75;True;4381.0;4366.25;4380.0;4367.5;4369.75;True;True;True;True;True;False;False;2023-10-10 04:35:00-04:00;2023-10-10 07:50:00-04:00;04:35:00;04:30 - 05:00;True;False;False;04:55:00;04:40:00;4381.0;4375.0;True;True;04:30 - 05:00;04:30 - 05:00;1.6;0.7
2023-10-11;4400.0;4391.5;4399.75;4391.5;4391.5;4393.5;True;4408.75;4390.5;4408.0;4391.75;4404.5;True;True;True;False;True;True;False;2023-10-11 06:00:00-04:00;;06:00:00;06:00 - 06:30;True;True;True;07:30:00;06:15:00;4408.75;4398.0;True;True;07:30 - 08:00;06:00 - 06:30;2.0;0.7
2023-10-12;4426.75;4418.5;4426.75;4418.5;4426.75;4419.5;False;4430.5;4418.25;4429.0;4418.5;4427.75;True;True;True;False;True;True;False;2023-10-12 05:45:00-04:00;;05:45:00;05:30 - 06:00;True;True;True;08:10:00;07:40:00;4430.5;4424.0;True;True;08:00 - 08:30;07:30 - 08:00;1.4;0.6
2023-10-13;4390.5;4383.5;4389.5;4384.75;4384.75;4387.0;True;4391.75;4365.25;4390.0;4365.75;4381.0;True;True;False;True;True;True;False;;2023-10-13 04:35:00-04:00;04:35:00;04:30 - 05:00;False;True;True;06:35:00;04:45:00;4365.25;4383.25;False;False;06:30 - 07:00;04:30 - 05:00;-4.1;-0.3
2023-10-16;4372.75;4358.25;4372.5;4359.5;4371.75;4361.5;False;4376.5;4354.5;4375.25;4356.0;4368.5;True;True;True;True;True;False;False;2023-10-16 07:35:00-04:00;2023-10-16 04:05:00-04:00;04:05:00;04:00 - 04:30;False;False;False;04:15:00;04:10:00;4354.5;4358.0;False;False;04:00 - 04:30;04:00 - 04:30;-0.3;-0.1
2023-10-17;4402.5;4393.25;4402.25;4394.25;4394.25;4401.0;True;4401.5;4385.5;4400.75;4387.0;4389.0;False;True;False;True;True;True;True;;2023-10-17 04:35:00-04:00;04:35:00;04:30 - 05:00;False;True;True;07:25:00;05:20:00;4385.5;4398.0;True;True;07:00 - 07:30;05:00 - 05:30;-1.0;0.4
2023-10-18;4392.75;4385.0;4392.0;4386.0;4389.25;4392.0;True;4397.25;4378.25;4396.5;4379.5;4385.25;True;True;True;True;True;False;False;2023-10-18 04:35:00-04:00;2023-10-18 06:20:00-04:00;04:35:00;04:30 - 05:00;True;False;False;05:15:00;04:40:00;4397.25;4392.5;True;False;05:00 - 05:30;04:30 - 05:00;1.8;1.0
2023-10-19;4341.75;4320.75;4339.5;4323.0;4335.5;4326.75;False;4347.75;4325.25;4347.0;4326.25;4341.75;True;False;True;False;True;True;True;2023-10-19 06:25:00-04:00;;06:25:00;06:00 - 06:30;True;True;False;06:45:00;06:30:00;4347.75;4342.0;False;False;06:30 - 07:00;06:30 - 07:00;1.5;1.1
2023-10-20;4297.0;4283.5;4295.5;4284.75;4291.25;4294.0;True;4304.25;4282.0;4303.0;4283.5;4283.5;True;True;True;False;True;True;False;2023-10-20 04:20:00-04:00;;04:20:00;04:00 - 04:30;True;True;False;04:45:00;04:25:00;4304.25;4298.25;False;False;04:30 - 05:00;04:00 - 04:30;1.8;1.2
2023-10-23;4257.75;4237.75;4257.25;4239.25;4257.25;4239.25;False;4247.25;4215.25;4246.75;4217.0;4233.0;False;True;False;True;True;True;True;;2023-10-23 05:00:00-04:00;05:00:00;05:00 - 05:30;False;True;True;05:45:00;05:05:00;4215.25;4237.75;False;False;05:30 - 06:00;05:00 - 05:30;-1.3;0.0
2023-10-24;4261.25;4250.5;4260.5;4252.0;4259.0;4253.5;False;4267.75;4246.5;4267.5;4248.75;4266.0;True;True;True;True;True;False;False;2023-10-24 05:45:00-04:00;2023-10-24 04:30:00-04:00;04:30:00;04:30 - 05:00;False;False;False;04:35:00;04:35:00;4246.5;4250.75;True;False;04:30 - 05:00;04:30 - 05:00;-0.6;-0.1
2023-10-25;4255.5;4245.75;4254.25;4247.75;4254.25;4252.75;False;4264.25;4248.25;4263.75;4249.75;4261.25;True;False;True;False;True;True;True;2023-10-25 04:25:00-04:00;;04:25:00;04:00 - 04:30;True;True;True;08:20:00;06:10:00;4264.25;4248.25;True;True;08:00 - 08:30;06:00 - 06:30;2.5;0.0
2023-10-26;4183.75;4171.0;4182.75;4172.5;4180.75;4180.25;False;4189.5;4171.5;4188.75;4172.5;4181.75;True;False;True;False;True;True;True;2023-10-26 04:05:00-04:00;;04:05:00;04:00 - 04:30;True;True;False;06:30:00;05:15:00;4189.5;4178.75;True;True;06:30 - 07:00;05:00 - 05:30;1.6;0.6
2023-10-27;4178.25;4171.5;4177.5;4172.25;4177.5;4176.5;False;4185.0;4160.75;4184.0;4162.5;4170.0;True;True;True;True;True;False;False;2023-10-27 04:15:00-04:00;2023-10-27 07:10:00-04:00;04:15:00;04:00 - 04:30;True;False;False;05:00:00;04:25:00;4185.0;4178.5;False;False;05:00 - 05:30;04:00 - 04:30;2.4;1.1
2023-10-30;4162.75;4154.75;4162.75;4156.0;4156.5;4160.5;True;4169.0;4156.25;4167.75;4157.5;4161.5;True;False;True;False;True;True;True;2023-10-30 04:15:00-04:00;;04:15:00;04:00 - 04:30;True;True;False;07:50:00;04:45:00;4169.0;4156.25;True;True;07:30 - 08:00;04:30 - 05:00;1.9;0.0
2023-10-31;4180.25;4175.0;4178.5;4175.25;4175.25;4176.25;True;4199.75;4174.25;4199.25;4174.5;4198.0;True;True;True;True;True;False;False;2023-10-31 04:20:00-04:00;2023-10-31 04:00:00-04:00;04:00:00;04:00 - 04:30;False;False;False;04:05:00;04:05:00;4174.25;4177.0;True;True;04:00 - 04:30;04:00 - 04:30;-0.3;0.5
2023-11-01;4211.0;4203.25;4211.0;4203.75;4211.0;4203.75;False;4207.5;4191.25;4206.75;4191.75;4199.5;False;True;False;True;True;True;True;;2023-11-01 04:15:00-04:00;04:15:00;04:00 - 04:30;False;True;True;07:50:00;04:20:00;4191.25;4203.75;True;False;07:30 - 08:00;04:00 - 04:30;-1.7;0.0
2023-11-02;4267.75;4262.75;4267.75;4264.75;4264.75;4267.75;True;4288.0;4265.25;4287.0;4266.5;4286.5;True;False;True;False;True;True;True;2023-11-02 04:15:00-04:00;;04:15:00;04:00 - 04:30;True;True;True;08:10:00;04:20:00;4288.0;4269.75;False;False;08:00 - 08:30;04:00 - 04:30;7.7;1.6
2023-11-03;4334.0;4328.75;4332.75;4329.75;4332.25;4329.75;False;4337.5;4326.0;4333.5;4326.5;4332.75;True;True;False;True;True;True;False;;2023-11-03 05:00:00-04:00;05:00:00;05:00 - 05:30;False;True;False;05:10:00;05:05:00;4326.0;4329.25;True;False;05:00 - 05:30;05:00 - 05:30;-1.2;-0.1
2023-11-06;4384.75;4379.0;4382.75;4379.5;4380.5;4382.0;True;4386.75;4378.5;4386.5;4379.75;4380.25;True;True;True;False;True;True;False;2023-11-06 05:05:00-05:00;;05:05:00;05:00 - 05:30;True;True;False;06:40:00;05:45:00;4386.75;4381.5;True;True;06:30 - 07:00;05:30 - 06:00;2.2;0.6
2023-11-07;4378.75;4369.5;4377.25;4371.0;4371.0;4377.0;True;4379.5;4366.0;4379.0;4367.25;4374.5;True;True;True;True;True;False;False;2023-11-07 08:05:00-05:00;2023-11-07 06:35:00-05:00;06:35:00;06:30 - 07:00;False;False;False;06:40:00;06:40:00;4366.0;4368.75;False;False;06:30 - 07:00;06:30 - 07:00;-0.8;-0.3
2023-11-08;4395.25;4387.75;4395.0;4389.0;4389.0;4393.25;True;4401.25;4390.25;4401.25;4390.75;4398.25;True;False;True;False;True;True;True;2023-11-08 06:20:00-05:00;;06:20:00;06:00 - 06:30;True;True;True;08:00:00;07:10:00;4401.25;4394.25;True;True;08:00 - 08:30;07:00 - 07:30;2.0;0.8
2023-11-09;4404.75;4393.25;4403.5;4393.5;4397.75;4400.0;True;4410.0;4397.0;4409.75;4398.5;4408.25;True;False;True;False;True;True;True;2023-11-09 05:20:00-05:00;;05:20:00;05:00 - 05:30;True;True;True;05:45:00;05:30:00;4410.0;4403.25;True;True;05:30 - 06:00;05:30 - 06:00;1.6;0.9
2023-11-10;4373.75;4366.5;4373.5;4368.25;4371.75;4368.25;False;4376.5;4356.0;4375.25;4357.0;4374.75;True;True;True;True;True;False;False;2023-11-10 08:05:00-05:00;2023-11-10 04:10:00-05:00;04:10:00;04:00 - 04:30;False;False;False;06:35:00;04:55:00;4356.0;4367.0;True;False;06:30 - 07:00;04:30 - 05:00;-2.3;-0.2
2023-11-13;4419.5;4413.0;4419.25;4413.5;4416.25;4419.0;True;4425.25;4417.75;4424.75;4418.75;4424.5;True;False;True;False;True;True;True;2023-11-13 04:10:00-05:00;;04:10:00;04:00 - 04:30;True;True;True;05:55:00;05:05:00;4425.25;4418.5;True;True;05:30 - 06:00;05:00 - 05:30;2.0;0.8
2023-11-14;4432.75;4427.25;4432.25;4427.25;4431.0;4432.25;True;4437.0;4424.5;4436.25;4425.25;4430.0;True;True;True;True;True;False;False;2023-11-14 04:05:00-05:00;2023-11-14 06:05:00-05:00;04:05:00;04:00 - 04:30;True;False;False;04:20:00;04:10:00;4437.0;4434.0;False;False;04:00 - 04:30;04:00 - 04:30;1.9;1.3
2023-11-15;4529.5;4519.25;4528.75;4519.5;4519.5;4528.75;True;4533.75;4518.75;4533.0;4519.25;4532.25;True;True;True;False;True;True;False;2023-11-15 06:45:00-05:00;;06:45:00;06:30 - 07:00;True;True;True;07:15:00;07:00:00;4533.75;4528.25;True;True;07:00 - 07:30;07:00 - 07:30;1.5;0.9
2023-11-16;4518.75;4514.0;4518.75;4514.75;4515.75;4517.25;True;4521.5;4507.75;4520.5;4508.5;4511.5;True;True;True;True;True;False;False;2023-11-16 04:15:00-05:00;2023-11-16 07:05:00-05:00;04:15:00;04:00 - 04:30;True;False;False;04:20:00;04:20:00;4521.5;4519.5;False;False;04:00 - 04:30;04:00 - 04:30;1.6;1.1
2023-11-17;4534.75;4525.5;4534.75;4527.0;4527.0;4532.0;True;4539.5;4528.75;4539.0;4529.5;4539.0;True;False;True;False;True;True;True;2023-11-17 04:10:00-05:00;;04:10:00;04:00 - 04:30;True;True;True;08:10:00;04:25:00;4539.5;4528.75;True;True;08:00 - 08:30;04:00 - 04:30;1.6;0.2
2023-11-20;4527.0;4522.75;4527.0;4523.0;4523.0;4524.5;True;4534.0;4523.25;4534.0;4524.25;4524.75;True;False;True;False;True;True;True;2023-11-20 04:05:00-05:00;;04:05:00;04:00 - 04:30;True;True;False;05:05:00;04:10:00;4534.0;4526.75;True;True;05:00 - 05:30;04:00 - 04:30;2.7;0.9
2023-11-21;4560.75;4557.0;4559.75;4557.25;4558.25;4558.0;False;4560.75;4551.5;4560.0;4551.75;4552.5;False;True;False;True;True;True;True;;2023-11-21 04:45:00-05:00;04:45:00;04:30 - 05:00;False;True;True;08:10:00;05:40:00;4551.5;4560.5;True;True;08:00 - 08:30;05:30 - 06:00;-2.2;1.3
2023-11-22;4553.25;4547.5;4552.5;4548.25;4549.5;4550.25;True;4565.75;4549.5;4564.75;4550.0;4564.75;True;False;True;False;True;True;True;2023-11-22 04:05:00-05:00;;04:05:00;04:00 - 04:30;True;True;True;08:25:00;04:35:00;4565.75;4550.5;True;True;08:00 - 08:30;04:30 - 05:00;4.1;0.5
2023-11-23;4572.0;4567.25;4571.75;4567.75;4571.0;4571.5;True;4572.5;4567.5;4572.25;4568.0;4568.75;True;False;True;False;True;True;True;;;;No breakout;False;True;False;04:50:00;04:20:00;4572.5;4569.25;True;True;04:30 - 05:00;04:00 - 04:30;1.1;0.3
2023-11-24;4570.5;4567.25;4570.0;4567.75;4568.5;4568.0;False;4574.0;4567.75;4573.5;4568.0;4568.5;True;False;True;False;True;True;True;2023-11-24 04:05:00-05:00;;04:05:00;04:00 - 04:30;True;True;False;04:40:00;04:10:00;4574.0;4570.25;True;False;04:30 - 05:00;04:00 - 04:30;2.7;1.1
2023-11-27;4562.75;4558.0;4562.25;4558.75;4559.5;4560.75;True;4565.25;4554.5;4564.75;4555.25;4564.5;True;True;True;True;True;False;False;2023-11-27 05:50:00-05:00;2023-11-27 04:15:00-05:00;04:15:00;04:00 - 04:30;False;False;False;04:55:00;04:20:00;4554.5;4558.75;True;False;04:30 - 05:00;04:00 - 04:30;-1.2;0.0
2023-11-28;4556.5;4550.5;4555.75;4551.0;4555.25;4554.75;False;4560.5;4547.0;4560.0;4548.5;4553.0;True;True;True;True;True;False;False;2023-11-28 04:25:00-05:00;2023-11-28 08:05:00-05:00;04:25:00;04:00 - 04:30;True;False;False;05:10:00;04:30:00;4560.5;4557.25;False;False;05:00 - 05:30;04:30 - 05:00;2.0;1.3
2023-11-29;4575.25;4567.25;4574.0;4567.25;4568.5;4573.0;True;4588.0;4572.0;4587.75;4573.0;4587.25;True;False;True;False;True;True;True;2023-11-29 04:20:00-05:00;;04:20:00;04:00 - 04:30;True;True;True;08:25:00;04:40:00;4588.0;4575.25;False;False;08:00 - 08:30;04:30 - 05:00;3.0;1.1
2023-11-30;4568.25;4558.5;4567.25;4559.25;4567.0;4561.0;False;4575.25;4560.75;4574.75;4560.75;4574.75;True;False;True;False;True;True;True;2023-11-30 05:30:00-05:00;;05:30:00;05:30 - 06:00;True;True;True;08:25:00;06:20:00;4575.25;4566.25;True;True;08:00 - 08:30;06:00 - 06:30;2.0;0.8
2023-12-01;4582.75;4572.75;4582.0;4573.0;4573.0;4582.0;True;4584.5;4565.0;4584.25;4565.75;4568.75;True;True;True;True;True;False;False;2023-12-01 04:30:00-05:00;2023-12-01 07:10:00-05:00;04:30:00;04:30 - 05:00;True;False;False;04:35:00;04:35:00;4584.25;4582.75;False;False;04:30 - 05:00;04:30 - 05:00;1.2;1.0
2023-12-04;4594.5;4585.25;4594.0;4586.25;4587.0;4591.5;True;4592.25;4581.5;4591.5;4582.75;4584.75;False;True;False;True;True;True;True;;2023-12-04 07:00:00-05:00;07:00:00;07:00 - 07:30;False;True;True;07:10:00;07:05:00;4581.5;4584.0;False;False;07:00 - 07:30;07:00 - 07:30;-0.6;-0.2
2023-12-05;4566.25;4557.75;4565.75;4557.75;4557.75;4565.5;True;4569.25;4555.5;4568.75;4556.25;4564.0;True;True;True;True;True;False;False;2023-12-05 04:05:00-05:00;2023-12-05 06:40:00-05:00;04:05:00;04:00 - 04:30;True;False;False;04:20:00;04:10:00;4569.25;4565.75;True;False;04:00 - 04:30;04:00 - 04:30;1.4;1.0
2023-12-06;4588.25;4583.25;4588.0;4584.0;4586.25;4584.75;False;4588.75;4580.0;4588.25;4580.75;4586.5;True;True;False;True;True;True;False;;2023-12-06 04:35:00-05:00;04:35:00;04:30 - 05:00;False;True;False;07:15:00;05:55:00;4580.0;4588.75;True;True;07:00 - 07:30;05:30 - 06:00;-1.0;1.1
2023-12-07;4557.25;4550.75;4556.75;4550.75;4554.75;4550.75;False;4563.0;4548.75;4562.25;4549.5;4561.5;True;True;True;True;True;False;False;2023-12-07 07:40:00-05:00;2023-12-07 04:10:00-05:00;04:10:00;04:00 - 04:30;False;False;False;04:20:00;04:15:00;4548.75;4550.75;False;False;04:00 - 04:30;04:00 - 04:30;-0.3;0.0
2023-12-08;4638.0;4631.75;4637.75;4632.0;4634.5;4637.75;True;4644.5;4622.75;4644.25;4630.75;4631.25;True;True;True;True;True;False;False;2023-12-08 04:00:00-05:00;2023-12-08 07:10:00-05:00;04:00:00;04:00 - 04:30;True;False;False;05:40:00;04:05:00;4644.5;4638.25;False;False;05:30 - 06:00;04:00 - 04:30;2.1;1.0
2023-12-11;4658.25;4653.75;4657.0;4654.5;4656.0;4654.75;False;4662.0;4652.0;4661.75;4652.0;4657.25;True;True;True;True;True;False;False;2023-12-11 04:05:00-05:00;2023-12-11 06:20:00-05:00;04:05:00;04:00 - 04:30;True;False;False;04:25:00;04:10:00;4662.0;4658.25;False;False;04:00 - 04:30;04:00 - 04:30;3.0;1.5
2023-12-12;4684.25;4679.5;4682.5;4679.75;4680.5;4679.75;False;4690.25;4678.25;4690.25;4678.5;4690.25;True;True;True;True;True;False;False;2023-12-12 04:45:00-05:00;2023-12-12 05:55:00-05:00;04:45:00;04:30 - 05:00;True;False;True;08:25:00;06:40:00;4690.25;4678.25;True;True;08:00 - 08:30;06:30 - 07:00;3.8;-0.5
2023-12-13;4705.25;4701.5;4705.25;4701.5;4701.5;4705.25;True;4705.5;4701.25;4705.25;4701.5;4703.0;True;True;False;False;False;False;False;;;;No breakout;False;True;False;04:00:00;04:00:00;4705.5;4703.0;True;True;04:00 - 04:30;04:00 - 04:30;1.0;0.4
2023-12-14;4780.5;4772.25;4780.0;4772.75;4772.75;4775.0;True;4778.25;4767.25;4777.75;4768.25;4774.75;False;True;False;True;True;True;True;;2023-12-14 04:00:00-05:00;04:00:00;04:00 - 04:30;False;True;False;04:20:00;04:10:00;4767.25;4772.75;True;False;04:00 - 04:30;04:00 - 04:30;-0.7;0.0
2023-12-15;4785.75;4782.0;4785.5;4782.25;4784.25;4785.5;True;4789.0;4779.5;4788.75;4780.5;4782.75;True;True;True;True;True;False;False;2023-12-15 04:20:00-05:00;2023-12-15 07:55:00-05:00;04:20:00;04:00 - 04:30;True;False;False;05:15:00;04:30:00;4789.0;4785.0;True;True;05:00 - 05:30;04:30 - 05:00;2.0;0.8
2023-12-18;4778.5;4771.0;4778.25;4771.75;4778.25;4778.0;False;4782.0;4773.75;4781.0;4774.25;4780.0;True;False;True;False;True;True;True;2023-12-18 04:05:00-05:00;;04:05:00;04:00 - 04:30;True;True;True;05:30:00;04:20:00;4782.0;4776.75;True;True;05:30 - 06:00;04:00 - 04:30;1.5;0.7
2023-12-19;4798.25;4793.0;4797.75;4793.0;4793.0;4796.25;True;4804.25;4794.5;4803.5;4795.0;4803.5;True;False;True;False;True;True;True;2023-12-19 04:20:00-05:00;;04:20:00;04:00 - 04:30;True;True;True;07:55:00;06:10:00;4804.25;4794.5;True;True;07:30 - 08:00;06:00 - 06:30;2.3;0.3
2023-12-20;4821.75;4815.0;4821.75;4815.75;4821.75;4816.0;False;4816.25;4808.25;4815.75;4808.25;4812.0;False;True;False;True;True;True;True;;2023-12-20 04:00:00-05:00;04:00:00;04:00 - 04:30;False;True;True;07:05:00;05:00:00;4808.25;4814.0;False;False;07:00 - 07:30;05:00 - 05:30;-1.2;-0.2
2023-12-21;4776.0;4770.0;4775.5;4771.0;4772.0;4774.5;True;4778.0;4769.5;4777.25;4770.0;4772.5;True;True;True;False;True;True;False;2023-12-21 04:10:00-05:00;;04:10:00;04:00 - 04:30;True;True;False;04:25:00;04:15:00;4778.0;4775.75;True;False;04:00 - 04:30;04:00 - 04:30;1.5;1.0
2023-12-22;4793.0;4786.75;4792.75;4787.0;4788.25;4787.0;False;4799.5;4787.0;4798.5;4787.25;4797.75;True;False;True;False;True;True;True;2023-12-22 04:30:00-05:00;;04:30:00;04:30 - 05:00;True;True;True;08:25:00;05:35:00;4799.5;4789.5;True;True;08:00 - 08:30;05:30 - 06:00;2.1;0.4
2023-12-26;4815.0;4812.5;4814.75;4812.75;4814.0;4813.5;False;4813.75;4806.5;4813.75;4807.75;4810.5;False;True;False;True;True;True;True;;2023-12-26 04:15:00-05:00;04:15:00;04:00 - 04:30;False;True;True;07:05:00;06:00:00;4806.5;4813.5;True;True;07:00 - 07:30;06:00 - 06:30;-3.1;0.3
2023-12-27;4827.25;4822.75;4827.0;4823.0;4825.5;4824.75;False;4828.75;4821.0;4828.25;4821.0;4828.25;True;True;True;True;True;False;False;2023-12-27 08:20:00-05:00;2023-12-27 07:05:00-05:00;07:05:00;07:00 - 07:30;False;False;False;07:10:00;07:10:00;4821.0;4822.5;False;False;07:00 - 07:30;07:00 - 07:30;-0.5;-0.1
2023-12-28;4840.25;4834.25;4840.0;4834.5;4840.0;4834.5;False;4836.0;4831.25;4835.5;4831.75;4834.25;False;True;False;True;True;True;True;;2023-12-28 04:00:00-05:00;04:00:00;04:00 - 04:30;False;True;False;05:55:00;05:05:00;4831.25;4836.0;True;True;05:30 - 06:00;05:00 - 05:30;-0.5;0.2
2023-12-29;4841.0;4836.75;4841.0;4837.0;4837.0;4838.0;True;4839.25;4828.0;4838.75;4829.0;4831.25;False;True;False;True;True;True;True;;2023-12-29 04:35:00-05:00;04:35:00;04:30 - 05:00;False;True;True;08:15:00;04:40:00;4828.0;4837.25;True;True;08:00 - 08:30;04:30 - 05:00;-2.2;0.0
2024-01-02;4828.0;4822.25;4827.75;4822.5;4822.5;4826.5;True;4826.75;4777.75;4826.5;4778.5;4779.75;False;True;False;True;True;True;True;;2024-01-02 04:15:00-05:00;04:15:00;04:00 - 04:30;False;True;True;08:00:00;04:20:00;4777.75;4821.0;False;False;08:00 - 08:30;04:00 - 04:30;-8.5;-0.2
2024-01-03;4789.0;4781.5;4788.0;4781.5;4785.25;4781.5;False;4783.0;4765.5;4781.75;4766.5;4771.0;False;True;False;True;True;True;True;;2024-01-03 04:00:00-05:00;04:00:00;04:00 - 04:30;False;True;True;08:00:00;04:05:00;4765.5;4781.0;False;False;08:00 - 08:30;04:00 - 04:30;-2.4;0.0
2024-01-04;4757.0;4750.0;4755.75;4750.5;4752.75;4750.5;False;4755.0;4743.25;4754.5;4745.0;4749.75;False;True;False;True;True;True;True;;2024-01-04 04:00:00-05:00;04:00:00;04:00 - 04:30;False;True;True;07:05:00;05:20:00;4743.25;4755.0;True;True;07:00 - 07:30;05:00 - 05:30;-1.3;0.8
2024-01-05;4728.5;4722.5;4726.75;4723.0;4723.0;4723.25;True;4725.0;4711.25;4724.25;4712.25;4720.25;False;True;False;True;True;True;True;;2024-01-05 04:00:00-05:00;04:00:00;04:00 - 04:30;False;True;True;06:35:00;04:20:00;4711.25;4725.0;True;True;06:30 - 07:00;04:00 - 04:30;-3.1;0.5
2024-01-08;4735.75;4727.0;4733.75;4729.25;4730.0;4729.25;False;4739.5;4715.25;4739.25;4716.75;4736.75;True;True;True;True;True;False;False;2024-01-08 08:15:00-05:00;2024-01-08 04:00:00-05:00;04:00:00;04:00 - 04:30;False;False;False;04:35:00;04:05:00;4715.25;4729.25;True;False;04:30 - 05:00;04:00 - 04:30;-3.1;0.0
2024-01-09;4793.75;4787.0;4793.75;4787.5;4793.75;4788.75;False;4790.0;4777.25;4789.0;4778.75;4779.75;False;True;False;True;True;True;True;;2024-01-09 04:05:00-05:00;04:05:00;04:00 - 04:30;False;True;True;06:55:00;04:50:00;4777.25;4790.0;True;True;06:30 - 07:00;04:30 - 05:00;-1.6;0.4
2024-01-10;4794.25;4790.0;4794.0;4790.75;4792.5;4793.0;True;4804.0;4789.0;4803.25;4789.25;4794.25;True;True;True;True;True;False;False;2024-01-10 04:00:00-05:00;2024-01-10 06:50:00-05:00;04:00:00;04:00 - 04:30;True;False;False;04:30:00;04:05:00;4804.0;4794.75;False;False;04:30 - 05:00;04:00 - 04:30;4.0;1.2
2024-01-11;4838.0;4829.75;4837.0;4830.75;4831.0;4836.25;True;4836.5;4822.75;4836.0;4822.75;4829.75;False;True;False;True;True;True;True;;2024-01-11 04:30:00-05:00;04:30:00;04:30 - 05:00;False;True;False;05:50:00;04:35:00;4822.75;4829.25;False;False;05:30 - 06:00;04:30 - 05:00;-1.2;-0.2
2024-01-12;4819.5;4801.75;4819.5;4802.0;4802.0;4817.75;True;4821.75;4791.5;4821.0;4793.5;4802.5;True;True;True;True;True;False;False;2024-01-12 04:10:00-05:00;2024-01-12 06:45:00-05:00;04:10:00;04:00 - 04:30;True;False;False;04:15:00;04:15:00;4821.75;4818.0;True;True;04:00 - 04:30;04:00 - 04:30;1.1;0.9
2024-01-15;4821.5;4810.5;4820.75;4810.5;4817.0;4810.5;False;4817.75;4806.75;4817.5;4807.0;4811.25;False;True;False;True;True;True;True;;2024-01-15 06:15:00-05:00;06:15:00;06:00 - 06:30;False;True;False;08:10:00;07:05:00;4806.75;4813.5;True;True;08:00 - 08:30;07:00 - 07:30;-0.3;0.2
2024-01-16;4797.25;4786.0;4797.25;4787.0;4797.25;4791.0;False;4804.75;4785.25;4804.25;4787.0;4797.0;True;True;True;False;True;True;False;2024-01-16 06:50:00-05:00;;06:50:00;06:30 - 07:00;True;True;False;07:45:00;07:20:00;4804.75;4793.5;True;True;07:30 - 08:00;07:00 - 07:30;1.7;0.6
2024-01-17;4778.5;4772.5;4778.0;4773.0;4775.75;4773.5;False;4785.25;4768.75;4784.75;4769.75;4777.25;True;True;True;True;True;False;False;2024-01-17 05:10:00-05:00;2024-01-17 04:05:00-05:00;04:05:00;04:00 - 04:30;False;False;False;04:15:00;04:10:00;4768.75;4772.25;False;False;04:00 - 04:30;04:00 - 04:30;-0.8;-0.1
2024-01-18;4774.75;4770.0;4774.0;4770.25;4771.75;4772.75;True;4793.0;4771.5;4792.75;4772.5;4792.0;True;False;True;False;True;True;True;2024-01-18 04:20:00-05:00;;04:20:00;04:00 - 04:30;True;True;True;07:35:00;05:10:00;4793.0;4771.5;True;True;07:30 - 08:00;05:00 - 05:30;6.0;0.3
2024-01-19;4824.75;4817.75;4824.25;4819.25;4821.25;4824.25;True;4841.25;4823.75;4840.5;4824.25;4836.5;True;False;True;False;True;True;True;2024-01-19 04:00:00-05:00;;04:00:00;04:00 - 04:30;True;True;True;08:10:00;04:45:00;4841.25;4823.75;True;True;08:00 - 08:30;04:30 - 05:00;4.4;0.9
2024-01-22;4884.5;4878.75;4884.5;4879.25;4881.25;4882.0;True;4890.5;4880.5;4889.75;4881.0;4889.5;True;False;True;False;True;True;True;2024-01-22 05:10:00-05:00;;05:10:00;05:00 - 05:30;True;True;True;07:30:00;05:35:00;4890.5;4882.5;True;True;07:30 - 08:00;05:30 - 06:00;2.1;0.6
2024-01-23;4885.75;4877.25;4884.25;4878.25;4884.25;4878.5;False;4888.5;4878.25;4888.5;4878.5;4888.5;True;False;True;False;True;True;True;2024-01-23 08:00:00-05:00;;08:00:00;08:00 - 08:30;True;True;True;08:25:00;08:10:00;4888.5;4883.75;True;True;08:00 - 08:30;08:00 - 08:30;1.7;0.9
2024-01-24;4915.0;4912.25;4914.5;4912.75;4913.0;4914.5;True;4924.25;4912.5;4923.75;4913.25;4923.75;True;False;True;False;True;True;True;2024-01-24 04:20:00-05:00;;04:20:00;04:00 - 04:30;True;True;True;08:25:00;05:25:00;4924.25;4912.5;True;True;08:00 - 08:30;05:00 - 05:30;6.5;-0.1
2024-01-25;4903.25;4897.25;4902.0;4897.75;4900.5;4901.5;True;4904.5;4896.5;4904.0;4897.0;4901.75;True;True;True;True;True;False;False;2024-01-25 04:50:00-05:00;2024-01-25 07:55:00-05:00;04:50:00;04:30 - 05:00;True;False;False;04:55:00;04:55:00;4904.5;4901.75;True;True;04:30 - 05:00;04:30 - 05:00;1.5;0.9
2024-01-26;4905.75;4899.0;4905.25;4899.5;4899.5;4904.0;True;4922.5;4901.0;4922.25;4902.75;4918.0;True;False;True;False;True;True;True;2024-01-26 04:20:00-05:00;;04:20:00;04:00 - 04:30;True;True;True;07:35:00;04:25:00;4922.5;4906.5;False;False;07:30 - 08:00;04:00 - 04:30;4.0;1.2
2024-01-29;4920.25;4915.5;4920.0;4915.75;4917.75;4919.5;True;4921.75;4912.5;4921.25;4913.5;4916.75;True;True;True;True;True;False;False;2024-01-29 04:05:00-05:00;2024-01-29 04:40:00-05:00;04:05:00;04:00 - 04:30;True;False;False;07:25:00;05:00:00;4921.75;4912.5;True;True;07:00 - 07:30;05:00 - 05:30;1.4;-0.7
2024-01-30;4953.5;4947.25;4953.0;4947.5;4949.25;4952.75;True;4953.75;4940.75;4953.25;4941.75;4943.75;True;True;False;True;True;True;False;;2024-01-30 06:15:00-05:00;06:15:00;06:00 - 06:30;False;True;True;08:20:00;07:20:00;4940.75;4950.25;True;True;08:00 - 08:30;07:00 - 07:30;-1.2;0.5
2024-01-31;4938.0;4933.5;4937.5;4933.75;4934.0;4934.5;True;4935.0;4923.0;4934.5;4923.5;4931.0;False;True;False;True;True;True;True;;2024-01-31 04:05:00-05:00;04:05:00;04:00 - 04:30;False;True;True;06:00:00;04:10:00;4923.0;4932.5;False;False;06:00 - 06:30;04:00 - 04:30;-2.8;-0.3
2024-02-01;4885.5;4879.5;4885.25;4880.75;4881.5;4884.75;True;4895.75;4882.0;4895.25;4882.25;4885.25;True;False;True;False;True;True;True;2024-02-01 04:45:00-05:00;;04:45:00;04:30 - 05:00;True;True;False;07:45:00;05:00:00;4895.75;4884.5;True;True;07:30 - 08:00;05:00 - 05:30;3.3;0.8
2024-02-02;4959.75;4951.25;4958.75;4952.0;4953.5;4957.25;True;4964.0;4951.75;4963.0;4952.25;4958.0;True;False;True;False;True;True;True;2024-02-02 07:15:00-05:00;;07:15:00;07:00 - 07:30;True;True;False;08:05:00;07:20:00;4964.0;4960.5;False;False;08:00 - 08:30;07:00 - 07:30;1.7;1.2
2024-02-05;4974.0;4967.5;4973.25;4969.0;4969.0;4972.0;True;4975.5;4963.75;4975.25;4964.75;4967.0;True;True;True;True;True;False;False;2024-02-05 07:20:00-05:00;2024-02-05 04:25:00-05:00;04:25:00;04:00 - 04:30;False;False;True;04:50:00;04:40:00;4963.75;4968.75;True;False;04:30 - 05:00;04:30 - 05:00;-1.2;0.0
2024-02-06;4971.0;4964.75;4970.5;4965.0;4969.5;4965.0;False;4968.25;4954.5;4967.5;4955.25;4966.0;False;True;False;True;True;True;True;;2024-02-06 04:45:00-05:00;04:45:00;04:30 - 05:00;False;True;False;07:25:00;04:50:00;4954.5;4964.25;False;False;07:00 - 07:30;04:30 - 05:00;-1.9;-0.1
2024-02-07;4974.5;4971.25;4974.25;4971.25;4972.0;4974.25;True;4989.5;4970.0;4988.5;4970.75;4988.5;True;True;True;True;True;False;False;2024-02-07 04:20:00-05:00;2024-02-07 05:50:00-05:00;04:20:00;04:00 - 04:30;True;False;True;08:15:00;05:50:00;4989.5;4970.0;True;True;08:00 - 08:30;05:30 - 06:00;6.0;-0.4
2024-02-08;5015.75;5010.0;5015.0;5010.75;5014.25;5011.5;False;5013.5;5003.75;5013.0;5004.0;5006.5;False;True;False;True;True;True;True;;2024-02-08 05:45:00-05:00;05:45:00;05:30 - 06:00;False;True;True;06:25:00;06:00:00;5003.75;5010.75;True;False;06:00 - 06:30;06:00 - 06:30;-1.6;0.0
2024-02-09;5023.25;5017.25;5023.0;5017.5;5017.5;5022.0;True;5027.25;5017.25;5026.75;5017.5;5025.5;True;False;True;False;True;True;True;2024-02-09 06:30:00-05:00;;06:30:00;06:30 - 07:00;True;True;True;07:50:00;06:50:00;5027.25;5022.0;True;True;07:30 - 08:00;06:30 - 07:00;1.7;0.8
2024-02-12;5044.5;5041.0;5044.5;5041.0;5042.5;5041.0;False;5046.25;5040.75;5046.0;5041.25;5043.25;True;True;True;False;True;True;False;2024-02-12 05:10:00-05:00;;05:10:00;05:00 - 05:30;True;True;False;06:15:00;05:25:00;5046.25;5043.0;True;True;06:00 - 06:30;05:00 - 05:30;1.5;0.5
2024-02-13;5040.0;5024.0;5039.5;5025.0;5039.5;5025.0;False;5028.25;5017.0;5027.5;5017.75;5023.5;False;True;False;True;True;True;True;;2024-02-13 04:45:00-05:00;04:45:00;04:30 - 05:00;False;True;True;07:00:00;05:00:00;5017.0;5025.75;True;True;07:00 - 07:30;05:00 - 05:30;-0.5;0.0
2024-02-14;4986.75;4979.5;4985.75;4980.0;4980.0;4983.0;True;5000.75;4982.0;4999.25;4983.0;4993.25;True;False;True;False;True;True;True;2024-02-14 04:10:00-05:00;;04:10:00;04:00 - 04:30;True;True;True;08:10:00;06:35:00;5000.75;4985.75;True;False;08:00 - 08:30;06:30 - 07:00;3.6;1.0
2024-02-15;5029.5;5023.75;5029.0;5024.0;5024.0;5029.0;True;5029.0;5021.5;5029.0;5021.75;5022.25;False;True;False;True;True;True;True;;2024-02-15 05:20:00-05:00;05:20:00;05:00 - 05:30;False;True;True;08:25:00;07:45:00;5021.5;5027.25;True;True;08:00 - 08:30;07:30 - 08:00;-0.5;0.6
2024-02-16;5054.0;5046.75;5053.5;5047.0;5047.0;5052.75;True;5059.25;5051.25;5058.75;5051.5;5051.75;True;False;True;False;True;True;True;2024-02-16 04:25:00-05:00;;04:25:00;04:00 - 04:30;True;True;False;06:10:00;04:55:00;5059.25;5053.25;True;True;06:00 - 06:30;04:30 - 05:00;1.8;0.9
2024-02-19;5024.75;5018.5;5024.5;5019.75;5021.5;5023.5;True;5026.25;5021.0;5026.0;5021.5;5025.0;True;False;True;False;True;True;True;2024-02-19 04:50:00-05:00;;04:50:00;04:30 - 05:00;True;True;True;04:55:00;04:55:00;5026.25;5025.25;False;False;04:30 - 05:00;04:30 - 05:00;1.3;1.1
2024-02-20;5012.25;4999.75;5011.75;5001.25;5010.25;5007.5;False;5012.25;4994.25;5010.25;4996.25;5002.5;False;True;False;True;True;True;True;;2024-02-20 05:05:00-05:00;05:05:00;05:00 - 05:30;False;True;False;06:00:00;05:40:00;4994.25;5002.5;True;True;06:00 - 06:30;05:30 - 06:00;-0.6;0.1
2024-02-21;4987.25;4976.0;4986.5;4976.5;4986.5;4976.5;False;4984.5;4974.0;4983.75;4974.5;4974.5;False;True;False;True;True;True;True;;2024-02-21 07:50:00-05:00;07:50:00;07:30 - 08:00;False;True;True;08:25:00;08:05:00;4974.0;4978.75;True;True;08:00 - 08:30;08:00 - 08:30;-0.2;0.2
2024-02-22;5057.5;5043.0;5056.75;5043.25;5043.25;5053.5;True;5067.75;5046.0;5066.25;5046.5;5060.25;True;False;True;False;True;True;True;2024-02-22 06:15:00-05:00;;06:15:00;06:00 - 06:30;True;True;True;06:20:00;06:20:00;5067.75;5063.5;False;False;06:00 - 06:30;06:00 - 06:30;1.8;1.5
2024-02-23;5100.5;5094.75;5100.25;5095.5;5100.25;5096.0;False;5105.0;5092.0;5103.75;5092.75;5103.75;True;True;True;True;True;False;False;2024-02-23 07:25:00-05:00;2024-02-23 04:20:00-05:00;04:20:00;04:00 - 04:30;False;False;False;04:25:00;04:25:00;5092.0;5095.25;True;False;04:00 - 04:30;04:00 - 04:30;-0.7;0.0
2024-02-26;5096.0;5091.0;5094.5;5091.75;5093.25;5092.25;False;5102.0;5090.75;5102.0;5091.0;5101.25;True;True;True;False;True;True;False;2024-02-26 04:40:00-05:00;;04:40:00;04:30 - 05:00;True;True;True;06:25:00;04:45:00;5102.0;5096.25;False;False;06:00 - 06:30;04:30 - 05:00;3.7;1.6
2024-02-27;5082.75;5076.5;5082.25;5077.0;5080.75;5077.0;False;5090.0;5077.0;5089.75;5077.25;5081.5;True;False;True;False;True;True;True;2024-02-27 04:00:00-05:00;;04:00:00;04:00 - 04:30;True;True;False;07:45:00;04:10:00;5090.0;5082.0;True;True;07:30 - 08:00;04:00 - 04:30;2.4;0.9
2024-02-28;5084.5;5075.5;5084.25;5076.25;5084.25;5076.25;False;5078.5;5063.25;5077.75;5064.5;5073.0;False;True;False;True;True;True;True;;2024-02-28 04:25:00-05:00;04:25:00;04:00 - 04:30;False;True;True;04:45:00;04:30:00;5063.25;5071.5;False;False;04:30 - 05:00;04:30 - 05:00;-1.6;-0.5
