date;dr_high;dr_low;idr_high;idr_low;dr_open;dr_close;greenbox;dr_range;session_high;session_low;session_body_high;session_body_low;session_close;breached_dr_high;breached_dr_low;closed_above_dr_high;closed_below_dr_low;dr_confirmed;dr_true_close;dr_true_wick;up_confirmation;down_confirmation;breakout_time;breakout_window;dr_upday;dr_true;close_outside_dr;pre_conf_min;pre_conf_max;after_conf_min;after_conf_max;max_retracement_value;max_expansion_value;max_retracement_time;max_expansion_time;retrace_into_dr;expansion_window;retracement_window;expansion_level;retracement_level;after_conf_max_level;after_conf_min_level;opening_level;closing_level;session_close_level;session_low_level;session_high_level
2023-09-18;1.06718;1.0663799999999999;1.06712;1.06645;1.06645;1.06711;true;0.0008;1.06738;1.06608;1.06722;1.06623;1.06688;true;true;true;true;true;false;false;1694998800000000;1695001500000000;1694998800000000;10:00 - 10:30;true;false;false;1.0669;1.06719;1.06608;1.06738;1.06719;1.06738;1694999100000000;1694999100000000;false;10:00 - 10:30;10:00 - 10:30;1.2;1.1;1.3;-0.3;0.1;1.0;0.7;-0.3;1.3
2023-09-19;1.06965;1.06918;1.06955;1.06919;1.06929;1.06931;true;0.00047;1.06941;1.06761;1.06931;1.06776;1.06781;false;true;false;true;true;true;true;;1695083700000000;1695083700000000;09:30 - 10:00;false;true;true;1.06918;1.06941;1.06761;1.06909;1.06909;1.06761;1695084000000000;1695101100000000;false;14:00 - 14:30;09:30 - 10:00;-3.3;-0.2;-3.4;-0.2;0.2;0.2;-3.0;-3.4;0.4
2023-09-20;1.06836;1.06793;1.06834;1.06797;1.06811;1.06834;true;0.00043;1.06897;1.06781;1.06895;1.06783;1.06811;true;true;true;true;true;false;false;1695169800000000;1695181500000000;1695169800000000;09:30 - 10:00;true;false;false;;;1.06781;1.06897;1.06799;1.06897;1695172500000000;1695176100000000;true;11:00 - 11:30;10:00 - 10:30;2.4;0.2;2.5;-0.2;0.5;1.0;0.5;-0.2;2.5
2023-09-21;1.06537;1.06403;1.06535;1.06409;1.06535;1.06409;false;0.00134;1.06415;1.06167;1.06409;1.06198;1.06351;false;true;false;true;true;true;true;;1695256500000000;1695256500000000;09:30 - 10:00;false;true;true;1.064;1.06413;1.06167;1.06415;1.06415;1.06167;1695261900000000;1695263400000000;true;11:30 - 12:00;11:00 - 11:30;-1.7;0.0;-1.8;0.0;0.9;0.0;-0.4;-1.8;0.0
2023-09-22;1.06628;1.0654;1.06613;1.06552;1.06592;1.06552;false;0.00088;1.06607;1.06408;1.0659;1.06412;1.0653299999999999;false;true;false;true;true;true;true;;1695344400000000;1695344400000000;10:00 - 10:30;false;true;true;1.06534;1.06607;1.06408;1.0657699999999999;1.06543;1.06408;1695345000000000;1695347400000000;true;10:30 - 11:00;10:00 - 10:30;-1.5;0.0;-1.5;0.4;0.5;0.1;-0.1;-1.5;0.7
2023-09-25;1.06519;1.06474;1.06515;1.06479;1.0649;1.06515;true;0.00045;1.06556;1.0643;1.06544;1.06441;1.06495;true;true;true;true;true;false;false;1695603000000000;1695606000000000;1695603000000000;09:30 - 10:00;true;false;false;1.06488;1.06529;1.0643;1.06556;1.06536;1.06556;1695603300000000;1695603300000000;false;09:30 - 10:00;09:30 - 10:00;1.8;1.4;1.9;-0.9;0.4;1.0;0.5;-0.9;1.9
2023-09-26;1.05946;1.05841;1.05938;1.05842;1.05937;1.05842;false;0.00105;1.05931;1.05783;1.05927;1.058;1.05841;false;true;false;true;true;true;true;;1695688200000000;1695688200000000;09:30 - 10:00;false;true;false;;;1.05783;1.05931;1.05877;1.05783;1695692100000000;1695697800000000;true;12:00 - 12:30;10:30 - 11:00;-0.5;0.3;-0.6;0.8;0.9;0.0;0.0;-0.6;0.8
2023-09-27;1.05725;1.05659;1.05707;1.05671;1.0570599999999999;1.05671;false;0.00066;1.057;1.05547;1.05695;1.05551;1.05592;false;true;false;true;true;true;true;;1695774600000000;1695774600000000;09:30 - 10:00;false;true;true;;;1.05547;1.057;1.057;1.05547;1695779400000000;1695792000000000;true;14:00 - 14:30;10:30 - 11:00;-1.6;0.6;-1.7;0.6;0.7;0.1;-1.1;-1.7;0.6
2023-09-28;1.05117;1.05022;1.05117;1.05024;1.05024;1.05117;true;0.00095;1.05161;1.04968;1.05158;1.04981;1.05073;true;true;true;true;true;false;false;1695861000000000;1695868200000000;1695861000000000;09:30 - 10:00;true;false;false;;;1.04968;1.05161;1.05104;1.05161;1695861900000000;1695863400000000;true;10:00 - 10:30;09:30 - 10:00;1.4;0.9;1.5;-0.5;0.1;1.0;0.6;-0.5;1.5
2023-09-29;1.05642;1.05605;1.05627;1.05606;1.05622;1.05621;false;0.00037;1.05832;1.05579;1.05822;1.0559;1.05801;true;true;true;true;true;false;false;1695948600000000;1695948000000000;1695948000000000;09:30 - 10:00;false;false;false;1.05609;1.05631;1.05579;1.05832;1.05647;1.05579;1695948600000000;1695948600000000;true;09:30 - 10:00;09:30 - 10:00;-0.7;1.1;-0.8;6.1;0.4;0.4;5.2;-0.8;6.1
2023-10-02;1.05677;1.05582;1.0567199999999999;1.05591;1.05609;1.05662;true;0.00095;1.05712;1.0563;1.05708;1.05641;1.05673;true;false;true;false;true;true;true;1696210500000000;;1696210500000000;10:30 - 11:00;true;true;false;1.0563;1.05686;1.05661;1.05712;1.05677;1.05712;1696211100000000;1696219500000000;false;13:00 - 13:30;10:30 - 11:00;1.3;1.0;1.4;0.9;0.3;0.9;1.0;0.6;1.4
2023-10-03;1.04826;1.04642;1.04823;1.04665;1.04761;1.04681;false;0.00184;1.04747;1.04597;1.04743;1.04612;1.04647;false;true;false;true;true;true;true;;1696306500000000;1696306500000000;13:00 - 13:30;false;true;false;1.04637;1.04747;1.04597;1.04663;1.04637;1.04597;1696306800000000;1696307100000000;false;13:00 - 13:30;13:00 - 13:30;-0.2;-0.1;-0.3;0.1;0.6;0.2;0.0;-0.3;0.5
2023-10-04;1.04732;1.04656;1.04727;1.0466;1.0466;1.04701;true;0.00076;1.04756;1.04572;1.04752;1.04582;1.04705;true;true;true;true;true;false;false;1696379700000000;1696383000000000;1696379700000000;09:30 - 10:00;true;false;false;1.04701;1.04732;1.04572;1.04756;1.04701;1.04756;1696380600000000;1696380600000000;true;09:30 - 10:00;09:30 - 10:00;1.3;0.6;1.4;-1.1;0.1;0.6;0.7;-1.1;1.4
2023-10-05;1.05092;1.0502;1.05079;1.05033;1.05079;1.05039;false;0.00072;1.05288;1.05039;1.05285;1.05039;1.05256;true;false;true;false;true;true;true;1696465800000000;;1696465800000000;09:30 - 10:00;true;true;true;;;1.0508899999999999;1.05288;1.0508899999999999;1.05288;1696466100000000;1696468200000000;true;10:00 - 10:30;09:30 - 10:00;3.7;1.0;3.8;1.0;0.9;0.3;3.3;0.3;3.8
2023-10-06;1.0548;1.05422;1.05479;1.05436;1.05475;1.05436;false;0.00058;1.05474;1.05381;1.0547;1.05391;1.05394;false;true;false;true;true;true;true;;1696553700000000;1696553700000000;09:30 - 10:00;false;true;true;1.05427;1.05473;1.05381;1.05474;1.05423;1.05381;1696554000000000;1696554900000000;true;10:00 - 10:30;10:00 - 10:30;-0.7;0.0;-0.8;0.8;0.9;0.2;-0.5;-0.8;0.8
2023-10-09;1.05693;1.05615;1.05682;1.05619;1.05639;1.05661;true;0.00078;1.05744;1.05478;1.05735;1.0549;1.05534;true;true;true;true;true;false;false;1696812600000000;1696813800000000;1696812600000000;09:30 - 10:00;true;false;false;1.05636;1.05703;1.05478;1.05744;1.05712;1.05744;1696812900000000;1696812900000000;false;09:30 - 10:00;09:30 - 10:00;1.6;1.3;1.7;-1.7;0.4;0.6;-1.0;-1.7;1.7
2023-10-10;1.05834;1.0570599999999999;1.05798;1.05742;1.05742;1.05762;true;0.00128;1.05807;1.05585;1.05801;1.05599;1.05624;false;true;false;true;true;true;true;;1696906200000000;1696906200000000;11:30 - 12:00;false;true;true;1.05705;1.05807;1.05585;1.05702;1.05702;1.05585;1696908300000000;1696914900000000;false;14:00 - 14:30;12:00 - 12:30;-0.9;-0.1;-1.0;-0.1;0.2;0.4;-0.7;-1.0;0.7
2023-10-11;1.06102;1.06034;1.06093;1.06042;1.06075;1.06093;true;0.00068;1.06143;1.06012;1.06135;1.0602;1.06066;true;true;true;true;true;false;false;1696984200000000;1696987200000000;1696984200000000;09:30 - 10:00;true;false;false;;;1.06012;1.06143;1.06099;1.06143;1696984500000000;1696984800000000;true;09:30 - 10:00;09:30 - 10:00;1.6;1.0;1.7;-0.3;0.7;0.9;0.5;-0.3;1.7
2023-10-12;1.0628;1.06217;1.06278;1.06224;1.06244;1.06227;false;0.00063;1.06336;1.06199;1.0633299999999999;1.06208;1.06312;true;true;true;true;true;false;false;1697082900000000;1697070600000000;1697070600000000;09:30 - 10:00;false;false;false;;;1.06199;1.06336;1.06244;1.06199;1697071500000000;1697071800000000;true;09:30 - 10:00;09:30 - 10:00;-0.2;0.4;-0.3;1.8;0.4;0.1;1.5;-0.3;1.8
2023-10-13;1.05394;1.05338;1.05385;1.05341;1.05341;1.05375;true;0.00056;1.05509;1.05345;1.05505;1.05346;1.05485;true;false;true;false;true;true;true;1697159400000000;;1697159400000000;10:00 - 10:30;true;true;true;1.05345;1.05397;1.05381;1.05509;1.05381;1.05509;1697161200000000;1697173800000000;true;14:00 - 14:30;10:30 - 11:00;3.0;0.8;3.1;0.8;0.1;0.7;2.7;0.2;3.1
2023-10-16;1.05236;1.05155;1.05224;1.05163;1.05194;1.05187;false;0.00081;1.05273;1.05156;1.0527;1.05171;1.0527;true;false;true;false;true;true;true;1697419200000000;;1697419200000000;10:00 - 10:30;true;true;true;1.05156;1.0524499999999999;1.05198;1.05273;1.05198;1.05273;1697426400000000;1697433600000000;true;14:00 - 14:30;12:00 - 12:30;1.4;0.6;1.5;0.6;0.5;0.4;1.5;0.1;1.5
2023-10-17;1.05601;1.05529;1.0559;1.0553299999999999;1.05542;1.0559;true;0.00072;1.05607;1.05452;1.0559;1.05452;1.05452;true;true;false;true;true;true;false;;1697504700000000;1697504700000000;10:00 - 10:30;false;true;true;1.0554;1.05607;1.05452;1.05546;1.05546;1.05452;1697505600000000;1697520300000000;true;14:00 - 14:30;10:00 - 10:30;-1.0;0.2;-1.1;0.2;0.1;0.8;-1.1;-1.1;1.0
2023-10-18;1.05747;1.05647;1.05746;1.05654;1.05746;1.05654;false;0.001;1.05809;1.05604;1.05805;1.05623;1.05782;true;true;true;true;true;false;false;1697594700000000;1697589000000000;1697589000000000;09:30 - 10:00;false;false;false;;;1.05604;1.05809;1.05648;1.05604;1697589300000000;1697590200000000;true;09:30 - 10:00;09:30 - 10:00;-0.4;0.0;-0.5;1.6;0.9;0.0;1.3;-0.5;1.6
2023-10-19;1.05398;1.05326;1.05394;1.05327;1.05379;1.05355;false;0.00072;1.0542;1.05305;1.05415;1.05315;1.05334;true;true;true;true;true;false;false;1697677200000000;1697687100000000;1697677200000000;10:00 - 10:30;true;false;false;1.05341;1.05394;1.05305;1.0542;1.05383;1.0542;1697677800000000;1697678100000000;true;10:00 - 10:30;10:00 - 10:30;1.3;0.8;1.4;-0.2;0.8;0.5;0.2;-0.2;1.4
2023-10-20;1.05866;1.05752;1.05865;1.05757;1.05797;1.05757;false;0.00114;1.058;1.05684;1.05798;1.0568899999999999;1.05756;false;true;false;true;true;true;true;;1697763600000000;1697763600000000;10:00 - 10:30;false;true;false;1.05735;1.05789;1.05684;1.058;1.05749;1.05684;1697763900000000;1697764800000000;false;10:00 - 10:30;10:00 - 10:30;-0.5;-0.1;-0.6;0.4;0.3;0.0;0.0;-0.6;0.4
2023-10-23;1.05935;1.05848;1.0593;1.05853;1.05919;1.05853;false;0.00087;1.05891;1.05731;1.05877;1.05736;1.05776;false;true;false;true;true;true;true;;1698021900000000;1698021900000000;09:30 - 10:00;false;true;true;1.05842;1.05891;1.05731;1.05885;1.05885;1.05731;1698022500000000;1698029400000000;true;11:30 - 12:00;09:30 - 10:00;-1.3;0.4;-1.4;0.4;0.8;0.0;-0.9;-1.4;0.4
2023-10-24;1.06729;1.06669;1.06722;1.06674;1.06694;1.06717;true;0.0006;1.06872;1.06668;1.06867;1.06678;1.06811;true;true;true;false;true;true;false;1698109200000000;;1698109200000000;10:00 - 10:30;true;true;true;1.06668;1.06735;1.06678;1.06872;1.06678;1.06872;1698111000000000;1698114600000000;true;11:30 - 12:00;10:30 - 11:00;3.3;0.2;3.4;0.2;0.5;0.8;2.4;-0.0;3.4
2023-10-25;1.05978;1.05918;1.05974;1.05928;1.05928;1.05974;true;0.0006;1.06067;1.05896;1.06061;1.0591599999999999;1.06015;true;true;true;true;true;false;false;1698200400000000;1698194400000000;1698194400000000;09:30 - 10:00;false;false;false;1.05918;1.05988;1.05896;1.06067;1.05927;1.05896;1698194700000000;1698195300000000;true;09:30 - 10:00;09:30 - 10:00;-0.3;0.1;-0.4;2.4;0.1;0.9;1.6;-0.4;2.4
2023-10-26;1.05692;1.05625;1.05679;1.05626;1.05626;1.0565;true;0.00067;1.05664;1.05413;1.0565;1.05429;1.05439;false;true;false;true;true;true;true;;1698281400000000;1698281400000000;09:30 - 10:00;false;true;true;1.0562799999999999;1.05664;1.05413;1.05613;1.05613;1.05413;1698283500000000;1698291000000000;false;12:30 - 13:00;10:00 - 10:30;-3.1;-0.2;-3.2;-0.2;0.0;0.3;-2.8;-3.2;0.5
2023-10-27;1.0565499999999999;1.05571;1.05645;1.05573;1.0564;1.05595;false;0.00084;1.0569;1.05522;1.05683;1.05537;1.05668;true;true;true;true;true;false;false;1698373800000000;1698367800000000;1698367800000000;09:30 - 10:00;false;false;false;1.05586;1.05617;1.05522;1.0569;1.05597;1.05522;1698368100000000;1698369300000000;true;10:00 - 10:30;09:30 - 10:00;-0.5;0.3;-0.6;1.4;0.8;0.2;1.1;-0.6;1.4
2023-10-30;1.0564;1.05551;1.05631;1.0556;1.05593;1.05569;false;0.00089;1.05658;1.05569;1.05649;1.05569;1.0559399999999999;true;false;true;false;true;true;true;1698631200000000;;1698631200000000;11:00 - 11:30;true;true;false;1.05569;1.05639;1.05583;1.0565499999999999;1.05643;1.0565499999999999;1698631500000000;1698631500000000;false;11:00 - 11:30;11:00 - 11:30;1.1;1.1;1.2;0.4;0.5;0.3;0.5;0.3;1.3
2023-10-31;1.0614999999999999;1.06093;1.06145;1.06099;1.06138;1.06114;false;0.00057;1.06137;1.05906;1.06129;1.05921;1.0597699999999999;false;true;false;true;true;true;true;;1698714000000000;1698714000000000;10:00 - 10:30;false;true;true;1.06095;1.06137;1.05906;1.06114;1.06114;1.05906;1698717600000000;1698723900000000;true;12:30 - 13:00;11:00 - 11:30;-3.2;0.3;-3.3;0.3;0.7;0.3;-2.1;-3.3;0.7
2023-11-01;1.05806;1.05729;1.05799;1.05732;1.05784;1.05732;false;0.00077;1.05764;1.05651;1.05759;1.05659;1.05692;false;true;false;true;true;true;true;;1698798600000000;1698798600000000;09:30 - 10:00;false;true;true;;;1.05651;1.05764;1.05764;1.05651;1698802800000000;1698815100000000;true;14:00 - 14:30;10:30 - 11:00;-1.0;0.4;-1.1;0.4;0.7;0.0;-0.5;-1.1;0.4
2023-11-02;1.05965;1.05813;1.05958;1.05819;1.05825;1.05958;true;0.00152;1.06021;1.05932;1.06019;1.05943;1.05981;true;false;true;false;true;true;true;1698885000000000;;1698885000000000;09:30 - 10:00;true;true;true;;;1.05932;1.06021;1.05957;1.06021;1698886200000000;1698887700000000;true;10:00 - 10:30;09:30 - 10:00;1.3;1.0;1.4;0.8;0.1;1.0;1.2;0.8;1.4
2023-11-03;1.06217;1.06149;1.06206;1.06151;1.06179;1.06151;false;0.00068;1.06287;1.06147;1.06284;1.06151;1.06273;true;true;true;false;true;true;false;1698976500000000;;1698976500000000;10:30 - 11:00;true;true;true;1.06147;1.06221;1.06212;1.06287;1.06212;1.06287;1698976800000000;1698981900000000;true;12:00 - 12:30;11:00 - 11:30;2.0;1.0;2.1;1.0;0.5;0.1;1.9;-0.0;2.1
2023-11-06;1.07335;1.07246;1.07322;1.07253;1.07292;1.0726;false;0.00089;1.07376;1.07222;1.07372;1.07234;1.07347;true;true;true;true;true;false;false;1699242600000000;1699231800000000;1699231800000000;09:30 - 10:00;false;false;false;1.0725;1.07304;1.07222;1.07376;1.07266;1.07222;1699232100000000;1699233300000000;true;10:00 - 10:30;09:30 - 10:00;-0.2;0.2;-0.3;1.4;0.5;0.1;1.1;-0.3;1.4
2023-11-07;1.0722;1.07164;1.07219;1.07168;1.07219;1.07179;false;0.00056;1.0719;1.07052;1.07184;1.07057;1.0706;false;true;false;true;true;true;true;;1699317900000000;1699317900000000;09:30 - 10:00;false;true;true;1.07173;1.0719;1.07052;1.07174;1.07174;1.07052;1699318200000000;1699332300000000;true;13:30 - 14:00;09:30 - 10:00;-1.9;0.1;-2.0;0.1;0.9;0.2;-1.9;-2.0;0.4
2023-11-08;1.06978;1.06938;1.0697699999999999;1.06942;1.06956;1.0697699999999999;true;0.0004;1.06991;1.06863;1.0697699999999999;1.06872;1.06872;true;true;false;true;true;true;false;;1699403700000000;1699403700000000;09:30 - 10:00;false;true;true;1.06959;1.0697699999999999;1.06863;1.06991;1.0694;1.06863;1699404000000000;1699407600000000;true;10:30 - 11:00;09:30 - 10:00;-1.8;0.0;-1.9;1.3;0.4;0.9;-1.7;-1.9;1.3
2023-11-09;1.07127;1.07033;1.07111;1.07036;1.07088;1.0703799999999999;false;0.00094;1.07156;1.07023;1.07153;1.07032;1.07083;true;true;true;true;true;false;false;1699495200000000;1699489800000000;1699489800000000;09:30 - 10:00;false;false;false;;;1.07023;1.07156;1.0704;1.07023;1699490100000000;1699490100000000;true;09:30 - 10:00;09:30 - 10:00;-0.1;0.0;-0.2;1.3;0.5;0.0;0.5;-0.2;1.3
2023-11-10;1.06675;1.06629;1.06671;1.06641;1.06647;1.06653;true;0.00046;1.06751;1.06629;1.0674299999999999;1.0664;1.06674;true;false;true;false;true;true;true;1699577400000000;;1699577400000000;09:30 - 10:00;true;true;false;1.06629;1.06663;1.06657;1.06751;1.06666;1.06751;1699578000000000;1699581000000000;true;10:30 - 11:00;10:00 - 10:30;2.6;0.9;2.7;0.7;0.4;0.6;1.0;0.0;2.7
2023-11-13;1.06907;1.06861;1.06907;1.06869;1.0688199999999999;1.06871;false;0.00046;1.06891;1.0681;1.06887;1.06815;1.06857;false;true;false;true;true;true;true;;1699835400000000;1699835400000000;09:30 - 10:00;false;true;true;;;1.0681;1.06891;1.06871;1.0681;1699837500000000;1699838700000000;true;10:00 - 10:30;10:00 - 10:30;-1.1;0.2;-1.2;0.6;0.4;0.2;-0.1;-1.2;0.6
2023-11-14;1.07022;1.06992;1.07019;1.06998;1.06998;1.07012;true;0.0003;1.07022;1.06937;1.07012;1.06939;1.0694299999999999;false;true;false;true;true;true;true;;1699923900000000;1699923900000000;10:00 - 10:30;false;true;true;1.0698;1.07018;1.06937;1.07022;1.07022;1.06937;1699928100000000;1699939500000000;true;14:00 - 14:30;11:00 - 11:30;-1.8;1.0;-1.9;1.0;0.1;0.6;-1.7;-1.9;1.0
2023-11-15;1.08824;1.08709;1.08819;1.08715;1.08819;1.08715;false;0.00115;1.08836;1.08655;1.08836;1.08665;1.08779;true;true;true;true;true;false;false;1700021400000000;1700008200000000;1700008200000000;09:30 - 10:00;false;false;false;;;1.08655;1.08836;1.08726;1.08655;1700008500000000;1700009100000000;true;09:30 - 10:00;09:30 - 10:00;-0.4;0.1;-0.5;1.1;0.9;0.0;0.6;-0.5;1.1
2023-11-16;1.0855;1.08478;1.08542;1.08481;1.08481;1.08537;true;0.00072;1.08558;1.08299;1.08552;1.08319;1.08384;true;true;true;true;true;false;false;1700096100000000;1700097000000000;1700096100000000;09:30 - 10:00;true;false;false;1.08511;1.08555;1.08299;1.08558;1.08525;1.08558;1700096400000000;1700096400000000;true;10:00 - 10:30;10:00 - 10:30;1.1;0.7;1.2;-2.4;0.1;0.9;-1.3;-2.4;1.2
2023-11-17;1.08557;1.08489;1.08556;1.08489;1.08556;1.08499;false;0.00068;1.0856999999999999;1.08485;1.08565;1.08486;1.08495;true;true;true;true;true;false;false;1700182800000000;1700198400000000;1700182800000000;10:00 - 10:30;true;false;false;1.08493;1.08544;1.08485;1.0856999999999999;1.0849199999999999;1.0856999999999999;1700188800000000;1700191200000000;true;12:00 - 12:30;11:30 - 12:00;1.1;0.1;1.2;-0.0;1.0;0.2;0.1;-0.0;1.2
2023-11-20;1.09096;1.08986;1.09087;1.08987;1.0907;1.08987;false;0.0011;1.09358;1.08974;1.09345;1.08985;1.09262;true;true;true;true;true;false;false;1700445900000000;1700441100000000;1700441100000000;09:30 - 10:00;false;false;false;1.08974;1.09008;1.08975;1.09358;1.09034;1.08975;1700441400000000;1700441400000000;true;09:30 - 10:00;09:30 - 10:00;-0.1;0.4;-0.2;3.3;0.7;0.0;2.5;-0.2;3.3
2023-11-21;1.09468;1.0942;1.09456;1.0942;1.09452;1.09436;false;0.00048;1.09652;1.0943;1.09648;1.09436;1.09614;true;false;true;false;true;true;true;1700526600000000;;1700526600000000;09:30 - 10:00;true;true;true;;;1.0943;1.09652;1.0943;1.09652;1700529000000000;1700539800000000;true;13:00 - 13:30;10:00 - 10:30;4.8;0.3;4.9;0.3;0.7;0.4;4.1;0.3;4.9
2023-11-22;1.09189;1.09143;1.09185;1.09146;1.0916;1.0916;false;0.00046;1.09229;1.09055;1.09202;1.09065;1.09065;true;true;true;true;true;false;false;1700614500000000;1700616000000000;1700614500000000;09:30 - 10:00;true;false;false;1.09144;1.09177;1.09055;1.09229;1.09175;1.09229;1700615400000000;1700615700000000;true;10:00 - 10:30;10:00 - 10:30;1.8;0.7;1.9;-1.9;0.4;0.4;-1.6;-1.9;1.9
2023-11-23;1.089;1.08862;1.08894;1.08869;1.08869;1.08894;true;0.00038;1.0905799999999999;1.08881;1.09055;1.08884;1.09026;true;false;true;false;true;true;true;1700700600000000;;1700700600000000;09:30 - 10:00;true;true;true;1.08881;1.089;1.08884;1.0905799999999999;1.08884;1.0905799999999999;1700701500000000;1700711100000000;true;12:30 - 13:00;10:00 - 10:30;5.1;0.6;5.2;0.6;0.2;0.9;4.4;0.6;5.2
2023-11-24;1.09072;1.09028;1.09057;1.09033;1.09048;1.09057;true;0.00044;1.09104;1.0895;1.09095;1.08952;1.09063;true;true;true;true;true;false;false;1700787000000000;1700789400000000;1700787000000000;09:30 - 10:00;true;false;false;1.09045;1.09074;1.0895;1.09104;1.09051;1.09104;1700787600000000;1700788200000000;true;10:00 - 10:30;10:00 - 10:30;1.7;0.6;1.8;-1.7;0.5;0.7;0.8;-1.7;1.8
2023-11-27;1.09426;1.09334;1.09416;1.09343;1.09416;1.09343;false;0.00092;1.09498;1.09267;1.09494;1.09287;1.09462;true;true;true;true;true;false;false;1701048300000000;1701045000000000;1701045000000000;09:30 - 10:00;false;false;false;;;1.09267;1.09498;1.09329;1.09267;1701045600000000;1701046800000000;false;10:00 - 10:30;09:30 - 10:00;-0.7;-0.1;-0.8;1.7;0.8;0.0;1.3;-0.8;1.7
2023-11-28;1.09611;1.09557;1.09599;1.09569;1.09571;1.09569;false;0.00054;1.09629;1.09512;1.0962399999999999;1.09518;1.09531;true;true;true;true;true;false;false;1701138600000000;1701134700000000;1701134700000000;10:00 - 10:30;false;false;true;1.09552;1.09618;1.09512;1.09629;1.09629;1.09512;1701138900000000;1701147600000000;true;14:00 - 14:30;11:30 - 12:00;-0.8;1.3;-0.9;1.3;0.2;0.2;-0.5;-0.9;1.3
2023-11-29;1.10056;1.09976;1.1004099999999999;1.09992;1.1004099999999999;1.09993;false;0.0008;1.10171;1.09967;1.10153;1.09973;1.10012;true;true;true;true;true;false;false;1701219300000000;1701231600000000;1701219300000000;09:30 - 10:00;true;false;false;1.09976;1.10071;1.09967;1.10171;1.10058;1.10171;1701219600000000;1701219600000000;false;10:00 - 10:30;10:00 - 10:30;2.4;1.1;2.5;-0.1;0.9;0.3;0.5;-0.1;2.5
2023-11-30;1.09756;1.0972;1.09751;1.09723;1.09726;1.09751;true;0.00036;1.09839;1.09671;1.09826;1.09689;1.09692;true;true;true;true;true;false;false;1701304200000000;1701309000000000;1701304200000000;09:30 - 10:00;true;false;false;;;1.09671;1.09839;1.09752;1.09839;1701304500000000;1701305700000000;true;09:30 - 10:00;09:30 - 10:00;3.3;0.9;3.4;-1.3;0.2;0.9;-0.7;-1.3;3.4
2023-12-01;1.0901;1.08911;1.08994;1.08915;1.08931;1.08994;true;0.00099;1.09127;1.08983;1.09125;1.08994;1.09085;true;false;true;false;true;true;true;1701390600000000;;1701390600000000;09:30 - 10:00;true;true;true;;;1.08983;1.09127;1.08998;1.09127;1701391200000000;1701398400000000;true;11:30 - 12:00;09:30 - 10:00;2.1;0.9;2.2;0.8;0.3;0.9;1.8;0.8;2.2
2023-12-04;1.08949;1.08796;1.08931;1.0881399999999999;1.08931;1.08818;false;0.00153;1.0885799999999999;1.08665;1.08855;1.08684;1.08697;false;true;false;true;true;true;true;;1701649800000000;1701649800000000;09:30 - 10:00;false;true;true;;;1.08665;1.0885799999999999;1.08788;1.08665;1701650100000000;1701653700000000;false;10:30 - 11:00;09:30 - 10:00;-0.8;-0.1;-0.9;0.4;0.8;0.1;-0.7;-0.9;0.4
2023-12-05;1.08409;1.08351;1.08403;1.08354;1.08365;1.08398;true;0.00058;1.08462;1.08344;1.08445;1.08352;1.08429;true;true;true;false;true;true;false;1701736500000000;;1701736500000000;09:30 - 10:00;true;true;true;1.08392;1.08409;1.08344;1.08455;1.08344;1.08455;1701740400000000;1701752400000000;true;14:00 - 14:30;10:30 - 11:00;1.7;-0.1;1.8;-0.1;0.3;0.9;1.4;-0.1;2.0
2023-12-06;1.07959;1.07906;1.07947;1.07907;1.07924;1.07923;false;0.00053;1.07997;1.07879;1.07993;1.07895;1.07965;true;true;true;true;true;false;false;1701824400000000;1701825900000000;1701824400000000;10:00 - 10:30;true;false;true;1.0789199999999999;1.07966;1.07879;1.07997;1.07879;1.07997;1701826200000000;1701836100000000;true;13:00 - 13:30;10:30 - 11:00;1.7;-0.5;1.8;-0.5;0.4;0.4;1.2;-0.5;1.8
2023-12-07;1.07696;1.07645;1.07693;1.07649;1.07662;1.07693;true;0.00051;1.07723;1.07569;1.07714;1.0758;1.0759;true;true;true;true;true;false;false;1701909000000000;1701917100000000;1701909000000000;09:30 - 10:00;true;false;false;;;1.07569;1.07723;1.07701;1.07723;1701909300000000;1701909300000000;false;09:30 - 10:00;09:30 - 10:00;1.5;1.1;1.6;-1.4;0.4;1.0;-1.0;-1.4;1.6
2023-12-08;1.0795;1.07884;1.07937;1.07894;1.07907;1.07917;true;0.00066;1.08007;1.07822;1.07976;1.07829;1.07869;true;true;true;true;true;false;false;1701996600000000;1701998400000000;1701996600000000;09:30 - 10:00;true;false;false;1.07906;1.0795299999999999;1.07822;1.08007;1.07954;1.08007;1701996900000000;1701997200000000;false;10:00 - 10:30;09:30 - 10:00;1.8;1.1;1.9;-0.9;0.4;0.5;-0.2;-0.9;1.9
2023-12-11;1.07701;1.07623;1.07694;1.07637;1.0764799999999999;1.07681;true;0.00078;1.0774;1.07608;1.07729;1.07613;1.07654;true;true;true;true;true;false;false;1702256100000000;1702268400000000;1702256100000000;09:30 - 10:00;true;false;false;1.07671;1.0771;1.07608;1.0774;1.07681;1.0774;1702257300000000;1702258500000000;true;10:30 - 11:00;10:00 - 10:30;1.4;0.8;1.5;-0.1;0.4;0.8;0.4;-0.1;1.5
2023-12-12;1.0766;1.07632;1.07657;1.07641;1.07646;1.07657;true;0.00028;1.07703;1.07612;1.07687;1.07616;1.07667;true;true;true;true;true;false;false;1702343100000000;1702349400000000;1702343100000000;10:00 - 10:30;true;false;true;1.07631;1.0766;1.07612;1.07703;1.07634;1.07703;1702346400000000;1702348500000000;true;11:30 - 12:00;11:00 - 11:30;2.5;0.1;2.6;-0.7;0.5;0.9;1.3;-0.7;2.6
2023-12-13;1.07998;1.07912;1.07988;1.07915;1.07984;1.07922;false;0.00086;1.07962;1.07841;1.07957;1.07845;1.07896;false;true;false;true;true;true;true;;1702433100000000;1702433100000000;11:00 - 11:30;false;true;true;1.07911;1.07962;1.07841;1.07907;1.07907;1.07841;1702433400000000;1702435800000000;false;11:30 - 12:00;11:00 - 11:30;-0.8;-0.1;-0.9;-0.1;0.8;0.1;-0.2;-0.9;0.5
2023-12-14;1.0889199999999999;1.08791;1.08874;1.08813;1.08828;1.08874;true;0.00101;1.09153;1.08854;1.09125;1.08869;1.08963;true;false;true;false;true;true;true;1702513800000000;;1702513800000000;09:30 - 10:00;true;true;true;;;1.08854;1.09153;1.08854;1.09153;1702516200000000;1702525200000000;true;12:30 - 13:00;10:00 - 10:30;3.5;0.7;3.6;0.7;0.4;0.9;1.8;0.7;3.6
2023-12-15;1.09964;1.0984;1.0996299999999999;1.0984;1.0996299999999999;1.0984;false;0.00124;1.10037;1.09767;1.10034;1.09786;1.09957;true;true;true;true;true;false;false;1702608900000000;1702600200000000;1702600200000000;09:30 - 10:00;false;false;false;;;1.09767;1.10037;1.09846;1.09767;1702600500000000;1702601100000000;true;09:30 - 10:00;09:30 - 10:00;-0.5;0.0;-0.6;1.5;0.9;0.0;0.9;-0.6;1.5
2023-12-18;1.08995;1.08918;1.0899;1.08923;1.08938;1.08987;true;0.00077;1.09154;1.08944;1.09152;1.08962;1.09152;true;false;true;false;true;true;true;1702859700000000;;1702859700000000;09:30 - 10:00;true;true;true;1.08978;1.08994;1.08944;1.09154;1.08944;1.09154;1702863900000000;1702876800000000;true;14:00 - 14:30;10:30 - 11:00;3.0;0.4;3.1;0.4;0.3;0.9;3.1;0.4;3.1
2023-12-19;1.09247;1.09202;1.09234;1.09208;1.09216;1.0921399999999999;false;0.00045;1.0929;1.09147;1.09284;1.09156;1.09279;true;true;true;true;true;false;false;1702955100000000;1702947000000000;1702947000000000;09:30 - 10:00;false;false;false;1.0919699999999999;1.0924;1.09147;1.0929;1.09259;1.09147;1702949100000000;1702952400000000;true;11:00 - 11:30;10:00 - 10:30;-1.2;1.2;-1.3;1.9;0.3;0.2;1.7;-1.3;1.9
2023-12-20;1.09815;1.09716;1.0980699999999999;1.0971899999999999;1.0980699999999999;1.09732;false;0.00099;1.09747;1.09651;1.09742;1.0966;1.0966;false;true;false;true;true;true;true;;1703035500000000;1703035500000000;10:00 - 10:30;false;true;true;1.09716;1.09747;1.09651;1.09727;1.09727;1.09651;1703039700000000;1703049600000000;true;14:00 - 14:30;11:30 - 12:00;-0.6;0.1;-0.7;0.1;0.9;0.1;-0.6;-0.7;0.3
2023-12-21;1.0947;1.09408;1.09469;1.09423;1.09437;1.09469;true;0.00062;1.09542;1.09451;1.09534;1.09466;1.0952;true;false;true;false;true;true;true;1703118600000000;;1703118600000000;09:30 - 10:00;true;true;true;;;1.09451;1.09542;1.09473;1.09542;1703118900000000;1703124000000000;false;11:00 - 11:30;09:30 - 10:00;2.1;1.1;2.2;0.7;0.5;1.0;1.9;0.7;2.2
2023-12-22;1.10125;1.10039;1.10123;1.10049;1.10089;1.1008499999999999;false;0.00086;1.10091;1.09955;1.1008499999999999;1.09958;1.09984;false;true;false;true;true;true;true;;1703206200000000;1703206200000000;09:30 - 10:00;false;true;true;1.10062;1.10091;1.09955;1.10065;1.10065;1.09955;1703207100000000;1703211600000000;true;11:00 - 11:30;10:00 - 10:30;-0.9;0.3;-1.0;0.3;0.5;0.5;-0.7;-1.0;0.6
2023-12-25;1.1017;1.10116;1.1017;1.10116;1.1016;1.10128;false;0.00054;1.10143;1.1005;1.10133;1.10073;1.10073;false;true;false;true;true;true;true;;1703464800000000;1703464800000000;09:30 - 10:00;false;true;true;1.10126;1.10138;;;;;;;false;;;;;;;0.8;0.2;-0.8;-1.3;0.5
2023-12-27;1.10438;1.10372;1.10437;1.10381;1.10437;1.10381;false;0.00066;1.10422;1.10284;1.10419;1.10287;1.1041;false;true;false;true;true;true;true;;1703637600000000;1703637600000000;09:30 - 10:00;false;true;false;1.10373;1.10392;1.10284;1.10422;1.1038;1.10284;1703638500000000;1703646300000000;true;12:00 - 12:30;09:30 - 10:00;-1.3;0.1;-1.4;0.7;0.9;0.1;0.5;-1.4;0.7
2023-12-28;1.11123;1.11072;1.11119;1.1107799999999999;1.11096;1.11119;true;0.00051;1.11225;1.11094;1.11218;1.11102;1.11168;true;false;true;false;true;true;true;1703723400000000;;1703723400000000;09:30 - 10:00;true;true;true;;;1.11094;1.11225;1.11122;1.11225;1703724900000000;1703728800000000;true;11:00 - 11:30;09:30 - 10:00;3.0;1.0;3.0;0.5;0.5;1.0;1.9;0.5;3.0
2023-12-29;1.1073;1.10644;1.10728;1.10654;1.10662;1.10716;true;0.00086;1.10842;1.10622;1.10837;1.10629;1.10631;true;true;true;true;true;false;false;1703811000000000;1703823600000000;1703811000000000;09:30 - 10:00;true;false;false;1.10701;1.10726;1.10622;1.10842;1.10741;1.10842;1703811300000000;1703814300000000;false;10:30 - 11:00;09:30 - 10:00;2.3;1.2;2.4;-0.2;0.3;0.9;-0.1;-0.2;2.4
2024-01-03;1.09488;1.09409;1.09487;1.09414;1.09428;1.09487;true;0.00079;1.09628;1.09449;1.0962399999999999;1.09476;1.09588;true;false;true;false;true;true;true;1704241800000000;;1704241800000000;09:30 - 10:00;true;true;true;;;1.09449;1.09628;1.09449;1.09628;1704244500000000;1704258000000000;true;14:00 - 14:30;10:00 - 10:30;2.7;0.6;2.8;0.6;0.3;1.0;2.3;0.6;2.8
2024-01-04;1.09276;1.09212;1.0927499999999999;1.09235;1.09244;1.09254;true;0.00064;1.09306;1.09159;1.09287;1.09168;1.09234;true;true;true;true;true;false;false;1704339000000000;1704329400000000;1704329400000000;09:30 - 10:00;false;false;false;1.09209;1.09257;1.09159;1.09306;1.09242;1.09159;1704330300000000;1704334800000000;true;11:00 - 11:30;10:00 - 10:30;-0.8;0.4;-0.9;1.4;0.5;0.6;0.3;-0.9;1.4
2024-01-05;1.09504;1.09431;1.095;1.09442;1.09442;1.09492;true;0.00073;1.09559;1.09341;1.09549;1.09342;1.09353;true;true;true;true;true;false;false;1704416100000000;1704424800000000;1704416100000000;09:30 - 10:00;true;false;false;1.0948;1.09513;1.09341;1.09559;1.095;1.09559;1704416700000000;1704419100000000;true;10:30 - 11:00;10:00 - 10:30;1.7;1.0;1.8;-1.2;0.2;0.9;-1.0;-1.2;1.8
2024-01-08;1.09468;1.09349;1.09462;1.09355;1.09356;1.09462;true;0.00119;1.0953;1.09305;1.09522;1.09309;1.09358;true;true;true;true;true;false;false;1704674100000000;1704685200000000;1704674100000000;09:30 - 10:00;true;false;false;1.09449;1.09465;1.09305;1.0953;1.0947;1.0953;1704675600000000;1704678300000000;false;10:30 - 11:00;10:00 - 10:30;1.5;1.1;1.6;-0.3;0.1;1.0;0.1;-0.3;1.6
2024-01-09;1.09576;1.09492;1.09569;1.09495;1.09517;1.09562;true;0.00084;1.09664;1.09487;1.09646;1.09494;1.09494;true;true;true;false;true;true;false;1704760200000000;;1704760200000000;09:30 - 10:00;true;true;false;;;1.09487;1.09664;1.09515;1.09664;1704764400000000;1704770100000000;true;12:00 - 12:30;10:30 - 11:00;2.0;0.3;2.1;-0.0;0.3;0.9;0.1;-0.0;2.1
2024-01-10;1.09365;1.09297;1.09359;1.09301;1.09318;1.09359;true;0.00068;1.0936;1.09261;1.09359;1.09272;1.09326;false;true;false;true;true;true;true;;1704848400000000;1704848400000000;10:00 - 10:30;false;true;false;1.09291;1.0936;1.09261;1.09359;1.09296;1.09261;1704848700000000;1704849000000000;false;10:00 - 10:30;10:00 - 10:30;-0.5;-0.1;-0.6;0.9;0.3;0.9;0.4;-0.6;0.9
2024-01-11;1.09761;1.09725;1.09755;1.09726;1.09727;1.09755;true;0.00036;1.09848;1.09748;1.09839;1.09755;1.09796;true;false;true;false;true;true;true;1704933000000000;;1704933000000000;09:30 - 10:00;true;true;true;;;1.09748;1.09848;1.09748;1.09848;1704933600000000;1704939300000000;true;11:00 - 11:30;09:30 - 10:00;3.4;0.7;3.5;0.7;0.1;0.9;2.0;0.7;3.5
2024-01-12;1.09845;1.09754;1.09839;1.09757;1.09757;1.09793;true;0.00091;1.09853;1.09723;1.09846;1.09736;1.09771;true;true;true;true;true;false;false;1705025100000000;1705020000000000;1705020000000000;09:30 - 10:00;false;false;false;1.09762;1.09793;1.09723;1.09853;1.09794;1.09723;1705020900000000;1705021800000000;true;10:00 - 10:30;09:30 - 10:00;-0.3;0.4;-0.4;1.0;0.0;0.4;0.1;-0.4;1.0
2024-01-15;1.09477;1.09407;1.0947;1.09415;1.09469;1.0946;false;0.0007;1.09674;1.09454;1.09667;1.0946;1.09625;true;false;true;false;true;true;true;1705278600000000;;1705278600000000;09:30 - 10:00;true;true;true;;;1.09482;1.09674;1.09482;1.09674;1705278900000000;1705288800000000;false;12:00 - 12:30;09:30 - 10:00;3.8;1.1;3.9;1.1;0.9;0.8;3.2;0.7;3.9
2024-01-16;1.09479;1.09383;1.0947;1.09389;1.0947;1.09389;false;0.00096;1.09396;1.09132;1.09389;1.09147;1.09167;false;true;false;true;true;true;true;;1705365000000000;1705365000000000;09:30 - 10:00;false;true;true;;;1.09132;1.09373;1.09373;1.09132;1705365300000000;1705380900000000;false;13:30 - 14:00;09:30 - 10:00;-2.6;-0.2;-2.7;-0.2;0.9;0.0;-2.3;-2.7;0.1
2024-01-17;1.08788;1.08722;1.08786;1.08728;1.0877;1.08744;false;0.00066;1.08844;1.08628;1.08819;1.08644;1.08644;true;true;true;true;true;false;false;1705454100000000;1705461300000000;1705454100000000;10:00 - 10:30;true;false;false;1.08744;1.08788;1.08628;1.08844;1.08733;1.08844;1705455900000000;1705457100000000;true;11:00 - 11:30;10:30 - 11:00;1.8;0.2;1.9;-1.4;0.8;0.4;-1.1;-1.4;1.9
2024-01-18;1.08863;1.08812;1.0886;1.08823;1.08835;1.08823;false;0.00051;1.09028;1.088;1.08998;1.08823;1.08921;true;true;true;false;true;true;false;1705538700000000;;1705538700000000;09:30 - 10:00;true;true;true;1.088;1.08851;1.08869;1.09028;1.08869;1.09028;1705539000000000;1705544100000000;false;11:00 - 11:30;09:30 - 10:00;4.2;1.2;4.3;1.2;0.5;0.3;2.2;-0.2;4.3
2024-01-19;1.0881399999999999;1.08747;1.08806;1.08747;1.08773;1.08806;true;0.00067;1.08896;1.08761;1.08895;1.08765;1.08845;true;false;true;false;true;true;true;1705627800000000;;1705627800000000;10:30 - 11:00;true;true;true;1.08761;1.08818;1.08821;1.08896;1.08821;1.08896;1705628100000000;1705632300000000;false;11:30 - 12:00;10:30 - 11:00;2.2;1.2;2.3;1.2;0.4;0.9;1.5;0.3;2.3
2024-01-22;1.08963;1.08905;1.08962;1.0891;1.0891;1.0891899999999999;true;0.00058;1.09091;1.08918;1.0909;1.0891899999999999;1.09003;true;false;true;false;true;true;true;1705884000000000;;1705884000000000;09:30 - 10:00;true;true;true;1.08918;1.08955;1.08967;1.09091;1.08967;1.09091;1705884300000000;1705890000000000;false;11:00 - 11:30;09:30 - 10:00;3.2;1.1;3.3;1.1;0.1;0.3;1.7;0.3;3.3
2024-01-23;1.08806;1.08756;1.08804;1.08773;1.088;1.08788;false;0.0005;1.09002;1.08767;1.09001;1.08783;1.09001;true;false;true;false;true;true;true;1705969800000000;;1705969800000000;09:30 - 10:00;true;true;true;;;1.08767;1.09002;1.08767;1.09002;1705973400000000;1705987500000000;true;14:00 - 14:30;10:30 - 11:00;4.9;0.3;5.0;0.3;0.9;0.7;5.0;0.3;5.0
2024-01-24;1.08598;1.08554;1.08589;1.08558;1.08584;1.08558;false;0.00044;1.08661;1.08513;1.08654;1.08514;1.08607;true;true;true;true;true;false;false;1706066100000000;1706058000000000;1706058000000000;10:00 - 10:30;false;false;false;1.0855;1.08585;1.08514;1.08661;1.0853;1.08514;1706058300000000;1706058300000000;false;10:00 - 10:30;10:00 - 10:30;-0.9;-0.6;-1.0;2.4;0.6;0.0;1.2;-1.0;2.4
2024-01-25;1.08841;1.08726;1.08841;1.08735;1.08841;1.08737;false;0.00115;1.08817;1.08702;1.08805;1.08707;1.08777;false;true;false;true;true;true;true;;1706144400000000;1706144400000000;10:00 - 10:30;false;true;false;1.08721;1.0877;1.08702;1.08817;1.08726;1.08702;1706144700000000;1706144700000000;false;10:00 - 10:30;10:00 - 10:30;-0.2;0.0;-0.3;0.7;1.0;0.0;0.4;-0.3;0.7
2024-01-26;1.08476;1.08381;1.08474;1.08384;1.08454;1.08384;false;0.00095;1.08488;1.08374;1.08479;1.08377;1.08398;true;true;true;true;true;false;false;1706235900000000;1706229000000000;1706229000000000;09:30 - 10:00;false;false;false;;;1.08376;1.08488;1.08409;1.08376;1706229300000000;1706229300000000;true;09:30 - 10:00;09:30 - 10:00;-0.0;0.2;-0.1;1.1;0.7;0.0;0.1;-0.1;1.1
2024-01-29;1.08466;1.08412;1.08456;1.08419;1.08456;1.08429;false;0.00054;1.0849;1.08393;1.08479;1.08405;1.08409;true;true;true;true;true;false;false;1706490300000000;1706493900000000;1706490300000000;10:00 - 10:30;true;false;false;1.08417;1.08456;1.08393;1.0849;1.08442;1.0849;1706491200000000;1706491800000000;true;10:30 - 11:00;10:00 - 10:30;1.4;0.6;1.5;-0.3;0.9;0.4;-0.0;-0.3;1.5
2024-01-30;1.08383;1.08332;1.08376;1.08335;1.08363;1.08376;true;0.00051;1.08422;1.0823099999999999;1.08413;1.08241;1.08268;true;true;true;true;true;false;false;1706575200000000;1706580000000000;1706575200000000;09:30 - 10:00;true;false;false;1.08357;1.0839;1.0823099999999999;1.08422;1.08389;1.08422;1706575500000000;1706575800000000;false;09:30 - 10:00;09:30 - 10:00;1.7;1.2;1.8;-1.9;0.7;0.9;-1.2;-1.9;1.8
2024-01-31;1.08482;1.08425;1.0847499999999999;1.08429;1.08436;1.08452;true;0.00057;1.08465;1.0816;1.08457;1.08161;1.082;false;true;false;true;true;true;true;;1706661600000000;1706661600000000;09:30 - 10:00;false;true;true;1.08434;1.08465;1.0816;1.0845;1.0845;1.0816;1706662500000000;1706672100000000;true;12:30 - 13:00;09:30 - 10:00;-4.6;0.4;-4.7;0.4;0.1;0.4;-4.0;-4.7;0.7
2024-02-01;1.0810899999999999;1.08018;1.08105;1.08029;1.08097;1.08097;false;0.00091;1.08217;1.08035;1.08216;1.0804;1.0805;true;false;true;false;true;true;true;1706747700000000;;1706747700000000;09:30 - 10:00;true;true;false;1.0809;1.08112;1.08035;1.08217;1.08045;1.08217;1706749500000000;1706755200000000;true;11:30 - 12:00;10:00 - 10:30;2.1;0.3;2.2;0.2;0.9;0.9;0.4;0.2;2.2
2024-02-02;1.08796;1.0873;1.08792;1.08731;1.08743;1.08792;true;0.00066;1.0879699999999999;1.087;1.08794;1.08707;1.0877;true;true;false;true;true;true;false;;1706835300000000;1706835300000000;09:30 - 10:00;false;true;false;1.08755;1.0879699999999999;1.087;1.08787;1.08757;1.087;1706836200000000;1706838600000000;true;10:30 - 11:00;10:00 - 10:30;-0.4;0.4;-0.5;0.8;0.1;0.9;0.6;-0.5;1.0
2024-02-05;1.0783099999999999;1.07701;1.07811;1.07731;1.0774;1.07731;false;0.0013;1.07814;1.07672;1.07807;1.07698;1.07788;false;true;false;true;true;true;true;;1707093300000000;1707093300000000;09:30 - 10:00;false;true;false;1.07688;1.07734;1.07676;1.07814;1.07723;1.07676;1707093900000000;1707093900000000;true;09:30 - 10:00;09:30 - 10:00;-0.1;0.1;-0.2;0.8;0.2;0.2;0.6;-0.3;0.8
2024-02-06;1.07438;1.07409;1.07428;1.0741;1.07428;1.07423;false;0.00029;1.07516;1.07416;1.0751;1.07423;1.0751;true;false;true;false;true;true;true;1707180000000000;;1707180000000000;09:30 - 10:00;true;true;true;1.0742099999999999;1.07436;1.07416;1.07516;1.07416;1.07516;1707183600000000;1707196200000000;true;14:00 - 14:30;10:30 - 11:00;3.6;0.3;3.7;0.3;0.7;0.5;3.5;0.3;3.7
2024-02-07;1.07578;1.07555;1.07575;1.07558;1.07558;1.0756999999999999;true;0.00023;1.07664;1.07566;1.07663;1.0756999999999999;1.07615;true;false;true;false;true;true;true;1707265800000000;;1707265800000000;09:30 - 10:00;true;true;true;;;1.07566;1.07664;1.07571;1.07664;1707267000000000;1707275700000000;true;12:00 - 12:30;09:30 - 10:00;4.7;0.7;4.8;0.5;0.2;0.7;2.7;0.5;4.8
2024-02-08;1.0778;1.07737;1.07778;1.07744;1.07767;1.07778;true;0.00043;1.07882;1.07751;1.07872;1.07764;1.0783099999999999;true;false;true;false;true;true;true;1707352200000000;;1707352200000000;09:30 - 10:00;true;true;true;;;1.07751;1.07882;1.07751;1.07882;1707356400000000;1707366000000000;true;13:00 - 13:30;10:30 - 11:00;3.3;0.4;3.4;0.4;0.7;1.0;2.2;0.4;3.4
2024-02-09;1.07788;1.0774299999999999;1.07786;1.07744;1.07759;1.07771;true;0.00045;1.0778699999999999;1.07694;1.07776;1.07695;1.0772;false;true;false;true;true;true;true;;1707439800000000;1707439800000000;09:30 - 10:00;false;true;true;1.07731;1.07775;1.07694;1.0778699999999999;1.0778699999999999;1.07694;1707441600000000;1707451500000000;true;13:00 - 13:30;10:00 - 10:30;-1.0;0.9;-1.1;0.9;0.3;0.6;-0.6;-1.1;0.9
2024-02-12;1.07989;1.07923;1.07985;1.07942;1.07944;1.07982;true;0.00066;1.07998;1.07894;1.07992;1.07904;1.07937;true;true;true;true;true;false;false;1707698400000000;1707708600000000;1707698400000000;09:30 - 10:00;true;false;false;1.07981;1.07998;1.07894;1.07994;;;;;false;;;;;1.1;-0.4;0.4;0.9;0.3;-0.4;1.2
2024-02-13;1.07729;1.07669;1.07728;1.07672;1.07717;1.07672;false;0.0006;1.07746;1.07605;1.07737;1.07607;1.07673;true;true;true;true;true;false;false;1707786000000000;1707789000000000;1707786000000000;10:00 - 10:30;true;false;false;1.07671;1.07731;1.07605;1.07737;1.07721;1.07737;1707786300000000;1707786300000000;true;10:00 - 10:30;10:00 - 10:30;1.1;0.9;1.2;-1.0;0.8;0.1;0.1;-1.0;1.3
2024-02-14;1.07119;1.0706;1.07113;1.07068;1.07088;1.07113;true;0.00059;1.07147;1.07034;1.07144;1.07043;1.07133;true;true;true;true;true;false;false;1707871500000000;1707872400000000;1707871500000000;09:30 - 10:00;true;false;true;1.07102;1.07129;1.07034;1.07147;1.07034;1.07147;1707872400000000;1707886800000000;true;14:00 - 14:30;10:00 - 10:30;1.4;-0.4;1.5;-0.4;0.5;0.9;1.3;-0.4;1.5
2024-02-15;1.07334;1.07302;1.07334;1.07303;1.07303;1.07312;true;0.00032;1.07355;1.07246;1.07339;1.07248;1.07308;true;true;true;true;true;false;false;1707958200000000;1707959400000000;1707958200000000;09:30 - 10:00;true;false;false;1.07292;1.07336;1.07246;1.07355;1.07337;1.07355;1707958500000000;1707958500000000;false;09:30 - 10:00;09:30 - 10:00;1.6;1.1;1.7;-1.7;0.1;0.4;0.2;-1.7;1.7
2024-02-16;1.07761;1.07641;1.07759;1.07649;1.07759;1.07649;false;0.0012;1.0766;1.07573;1.07658;1.07577;1.07598;false;true;false;true;true;true;true;;1708043700000000;1708043700000000;09:30 - 10:00;false;true;true;1.07632;1.07649;1.07573;1.0766;1.0766;1.07573;1708046700000000;1708057200000000;true;13:00 - 13:30;10:00 - 10:30;-0.5;0.1;-0.6;0.1;0.9;0.0;-0.4;-0.6;0.1
2024-02-19;1.07888;1.07802;1.07876;1.07806;1.07816;1.07874;true;0.00086;1.07888;1.07738;1.07881;1.07751;1.07803;false;true;false;true;true;true;true;;1708306500000000;1708306500000000;10:30 - 11:00;false;true;false;1.07809;1.07888;1.07738;1.07832;1.07832;1.07738;1708312200000000;1708315200000000;true;13:00 - 13:30;12:00 - 12:30;-0.7;0.3;-0.8;0.3;0.1;0.8;0.0;-0.8;1.0
2024-02-20;1.07768;1.07692;1.07758;1.077;1.07752;1.07717;false;0.00076;1.07731;1.07615;1.07717;1.07623;1.07677;false;true;false;true;true;true;true;;1708389900000000;1708389900000000;09:30 - 10:00;false;true;true;1.07691;1.07731;1.07615;1.07712;1.07712;1.07615;1708392900000000;1708397100000000;true;11:30 - 12:00;10:30 - 11:00;-1.0;0.2;-1.1;0.2;0.7;0.3;-0.2;-1.1;0.5
2024-02-21;1.08112;1.08066;1.08107;1.0807;1.08105;1.08091;false;0.00046;1.08191;1.08054;1.08185;1.0807;1.08129;true;true;true;false;true;true;false;1708479600000000;;1708479600000000;10:30 - 11:00;true;true;true;1.08054;1.08105;1.08097;1.08191;1.08097;1.08191;1708479900000000;1708488300000000;true;13:00 - 13:30;10:30 - 11:00;2.7;0.7;2.8;0.7;0.9;0.6;1.4;-0.2;2.8
2024-02-22;1.08274;1.08185;1.08267;1.0819;1.0821399999999999;1.08267;true;0.00089;1.08348;1.0819;1.08344;1.08194;1.08329;true;false;true;false;true;true;true;1708561800000000;;1708561800000000;09:30 - 10:00;true;true;true;;;1.0819;1.08348;1.0819;1.08348;1708568100000000;1708579200000000;true;14:00 - 14:30;11:00 - 11:30;1.8;0.1;1.9;0.1;0.4;1.0;1.7;0.1;1.9
2024-02-23;1.0828;1.08249;1.08274;1.08252;1.08253;1.08274;true;0.00031;1.08319;1.08148;1.08303;1.08188;1.08259;true;true;true;true;true;false;false;1708652400000000;1708648500000000;1708648500000000;09:30 - 10:00;false;false;false;1.08266;1.0828;1.08185;1.08319;1.08235;1.08185;1708648800000000;1708648800000000;false;09:30 - 10:00;09:30 - 10:00;-2.0;-0.5;-2.1;2.2;0.1;0.8;0.3;-3.3;2.2
2024-02-26;1.08205;1.0816;1.08204;1.08171;1.08204;1.08191;false;0.00045;1.08227;1.0812599999999999;1.08222;1.08141;1.08196;true;true;true;true;true;false;false;1708920900000000;1708909200000000;1708909200000000;10:00 - 10:30;false;false;false;1.08165;1.08195;1.0812599999999999;1.08227;1.08154;1.0812599999999999;1708909500000000;1708910100000000;false;10:00 - 10:30;10:00 - 10:30;-0.7;-0.2;-0.8;1.4;0.9;0.6;0.8;-0.8;1.4
2024-02-27;1.08514;1.0847499999999999;1.0850899999999999;1.08477;1.08488;1.08493;true;0.00039;1.0855299999999999;1.08453;1.08549;1.08453;1.08501;true;true;true;true;true;false;false;1708999200000000;1708994400000000;1708994400000000;09:30 - 10:00;false;false;false;1.0848;1.08495;1.08453;1.0855299999999999;1.08487;1.08453;1708995300000000;1708996500000000;true;10:00 - 10:30;09:30 - 10:00;-0.5;0.3;-0.6;1.9;0.3;0.4;0.6;-0.6;1.9
2024-02-28;1.08446;1.08405;1.0844;1.08409;1.08439;1.08426;false;0.00041;1.08457;1.08298;1.0845;1.08303;1.08305;true;true;true;true;true;false;false;1709080800000000;1709082600000000;1709080800000000;09:30 - 10:00;true;false;false;1.0841;1.08441;1.08298;1.08457;1.08429;1.08457;1709081400000000;1709081700000000;true;09:30 - 10:00;09:30 - 10:00;1.2;0.6;1.3;-2.6;0.9;0.6;-2.4;-2.6;1.3
2024-02-29;1.084;1.08374;1.08393;1.08375;1.08389;1.08375;false;0.00026;1.08403;1.08279;1.08396;1.0829;1.08329;true;true;false;true;true;true;false;;1709166600000000;1709166600000000;09:30 - 10:00;false;true;true;;;1.08279;1.08403;1.08403;1.08279;1709170500000000;1709171700000000;true;10:30 - 11:00;10:30 - 11:00;-3.6;1.1;-3.7;1.1;0.5;0.0;-1.8;-3.7;1.1
2024-03-01;1.0809199999999999;1.08021;1.08087;1.08023;1.08046;1.08077;true;0.00071;1.08217;1.08076;1.08212;1.08077;1.08122;true;false;true;false;true;true;true;1709253300000000;;1709253300000000;09:30 - 10:00;true;true;true;1.08076;1.08081;1.08085;1.08217;1.08085;1.08217;1709253900000000;1709258400000000;true;11:00 - 11:30;09:30 - 10:00;2.7;1.0;2.8;1.0;0.4;0.8;1.5;0.8;2.8
2024-03-04;1.08447;1.08406;1.08445;1.08415;1.08428;1.08445;true;0.00041;1.0848;1.08384;1.08478;1.08387;1.08458;true;true;true;true;true;false;false;1709512200000000;1709516400000000;1709512200000000;09:30 - 10:00;true;false;true;;;1.08384;1.0848;1.08451;1.0848;1709512500000000;1709512800000000;false;09:30 - 10:00;09:30 - 10:00;1.8;1.1;1.9;-0.5;0.6;1.0;1.3;-0.5;1.9
2024-03-05;1.0858;1.08514;1.08572;1.08516;1.08572;1.08516;false;0.00066;1.08547;1.0847499999999999;1.08543;1.08489;1.0852;false;true;false;true;true;true;true;;1709601600000000;1709601600000000;10:00 - 10:30;false;true;false;1.08513;1.08546;1.0847499999999999;1.08547;1.08523;1.0847499999999999;1709601900000000;1709603400000000;true;10:30 - 11:00;10:00 - 10:30;-0.5;0.1;-0.6;0.4;0.8;0.0;0.0;-0.6;0.4
2024-03-06;1.08576;1.08496;1.08576;1.08501;1.08576;1.08517;false;0.0008;1.08544;1.0842;1.08538;1.08425;1.08538;false;true;false;true;true;true;true;;1709686800000000;1709686800000000;10:00 - 10:30;false;true;false;1.0849199999999999;1.08525;1.0842;1.08544;1.08502;1.0842;1709687100000000;1709689500000000;true;10:30 - 11:00;10:00 - 10:30;-0.9;0.0;-1.0;0.5;1.0;0.2;0.5;-1.0;0.5
2024-03-07;1.09073;1.08979;1.09059;1.08984;1.08994;1.09009;true;0.00094;1.09056;1.08935;1.09051;1.0893599999999999;1.09033;false;true;false;true;true;true;true;;1709776200000000;1709776200000000;10:30 - 11:00;false;true;false;1.0897999999999999;1.09054;1.08935;1.09056;1.0899;1.08935;1709776800000000;1709778300000000;true;11:00 - 11:30;11:00 - 11:30;-0.4;0.1;-0.5;0.8;0.1;0.3;0.5;-0.5;0.8
2024-03-08;1.09542;1.09489;1.09542;1.0949;1.0949;1.09542;true;0.00053;1.09557;1.0944099999999999;1.09548;1.09446;1.09471;true;true;true;true;true;false;false;1709857800000000;1709860200000000;1709857800000000;09:30 - 10:00;true;false;false;;;1.0944099999999999;1.09557;1.0954599999999999;1.09557;1709858100000000;1709858100000000;false;09:30 - 10:00;09:30 - 10:00;1.2;1.1;1.3;-0.9;0.1;1.0;-0.3;-0.9;1.3
2024-03-11;1.09437;1.09381;1.09432;1.09394;1.09419;1.09414;false;0.00056;1.09466;1.09369;1.09447;1.09371;1.09408;true;true;true;true;true;false;false;1710117900000000;1710132300000000;1710117900000000;09:30 - 10:00;true;false;false;1.09412;1.09436;1.09369;1.09466;1.09442;1.09466;1710118200000000;1710118200000000;false;09:30 - 10:00;09:30 - 10:00;1.5;1.1;1.6;-0.2;0.7;0.6;0.5;-0.2;1.6
2024-03-12;1.09322;1.09277;1.09321;1.09279;1.09279;1.09321;true;0.00045;1.09388;1.09268;1.09386;1.09271;1.09371;true;true;true;true;true;false;false;1710207900000000;1710205800000000;1710205800000000;10:00 - 10:30;false;false;false;1.0927499999999999;1.09322;1.09268;1.09388;1.09281;1.09268;1710206100000000;1710206100000000;true;10:00 - 10:30;10:00 - 10:30;-0.1;0.0;-0.2;2.4;0.0;0.9;2.0;-0.2;2.4
2024-03-13;1.09295;1.09263;1.09295;1.09265;1.09274;1.09295;true;0.00032;1.09307;1.09221;1.09301;1.0923;1.09254;true;true;true;true;true;false;false;1710300300000000;1710291000000000;1710291000000000;09:30 - 10:00;false;false;true;1.09263;1.09296;1.09221;1.09307;1.09307;1.09221;1710300600000000;1710305700000000;true;13:30 - 14:00;12:30 - 13:00;-1.3;1.3;-1.4;1.3;0.3;1.0;-0.3;-1.4;1.3
2024-03-14;1.09547;1.09482;1.09531;1.09489;1.0952;1.09491;false;0.00065;1.09528;1.09389;1.09523;1.09393;1.09413;false;true;false;true;true;true;true;;1710376800000000;1710376800000000;09:30 - 10:00;false;true;true;1.0948499999999999;1.09492;1.09389;1.09528;1.09528;1.09389;1710378300000000;1710390600000000;true;13:30 - 14:00;10:00 - 10:30;-1.4;0.7;-1.5;0.7;0.5;0.1;-1.1;-1.5;0.7
2024-03-15;1.0885;1.08769;1.08844;1.08769;1.08839;1.08769;false;0.00081;1.08815;1.08728;1.08812;1.08732;1.08743;false;true;false;true;true;true;true;;1710463500000000;1710463500000000;09:30 - 10:00;false;true;true;1.08769;1.08792;1.08728;1.08815;1.08815;1.08728;1710463800000000;1710470400000000;true;11:30 - 12:00;09:30 - 10:00;-0.5;0.5;-0.6;0.5;0.8;0.0;-0.4;-0.6;0.5
2024-03-18;1.0887;1.08805;1.08865;1.0881;1.08829;1.08865;true;0.00065;1.08917;1.08828;1.08905;1.08838;1.0887;true;false;true;false;true;true;true;1710721800000000;;1710721800000000;09:30 - 10:00;true;true;false;;;1.08828;1.08917;1.08828;1.08917;1710725100000000;1710730200000000;true;11:30 - 12:00;10:00 - 10:30;1.7;0.4;1.8;0.4;0.4;1.0;1.0;0.4;1.8
2024-03-19;1.08745;1.08705;1.08742;1.08713;1.08718;1.08722;true;0.0004;1.08766;1.08655;1.08757;1.08663;1.08663;true;true;true;true;true;false;false;1710817500000000;1710808200000000;1710808200000000;09:30 - 10:00;false;false;true;;;1.08655;1.08766;1.08766;1.08655;1710821400000000;1710825900000000;true;14:00 - 14:30;13:00 - 13:30;-1.2;1.5;-1.3;1.5;0.3;0.4;-1.1;-1.3;1.5
2024-03-20;1.08665;1.08583;1.08662;1.08596;1.08637;1.08596;false;0.00082;1.08711;1.0859;1.08705;1.08596;1.08664;true;false;true;false;true;true;true;1710902700000000;;1710902700000000;11:30 - 12:00;true;true;false;1.0859;1.0865799999999999;1.08653;1.08711;1.08668;1.08711;1710903000000000;1710906900000000;false;12:30 - 13:00;11:30 - 12:00;1.5;1.1;1.6;0.9;0.7;0.2;1.0;0.1;1.6
2024-03-21;1.09374;1.09314;1.09373;1.09318;1.09349;1.09318;false;0.0006;1.09388;1.09306;1.09376;1.09314;1.09339;true;true;true;false;true;true;false;1710983100000000;;1710983100000000;10:00 - 10:30;true;true;false;1.09306;1.09364;1.09326;1.09388;1.09347;1.09388;1710983400000000;1710983700000000;true;10:00 - 10:30;10:00 - 10:30;1.2;0.6;1.3;0.2;0.6;0.1;0.5;-0.1;1.3
2024-03-22;1.0867;1.08612;1.0866;1.08613;1.08619;1.08659;true;0.00058;1.0868;1.0831;1.08666;1.08316;1.0835299999999999;true;true;false;true;true;true;false;;1711071000000000;1711071000000000;10:30 - 11:00;false;true;true;1.0861;1.0868;1.0831;1.08603;1.08603;1.0831;1711071300000000;1711083000000000;false;13:30 - 14:00;10:30 - 11:00;-5.2;-0.2;-5.3;-0.2;0.1;0.8;-4.5;-5.3;1.1
2024-03-25;1.08097;1.08029;1.08093;1.0803;1.08082;1.0803;false;0.00068;1.08222;1.0802;1.08216;1.08025;1.08148;true;true;true;true;true;false;false;1711329300000000;1711329000000000;1711329000000000;10:00 - 10:30;false;false;false;1.0802;1.08044;1.08025;1.08222;;;;;false;;;;;-0.1;2.8;0.7;0.0;1.7;-0.2;2.8
2024-03-26;1.08387;1.08361;1.08383;1.08369;1.08374;1.08383;true;0.00026;1.08458;1.08357;1.08444;1.08359;1.0843099999999999;true;true;true;true;true;false;false;1711413300000000;1711424400000000;1711413300000000;09:30 - 10:00;true;false;true;1.08379;1.08388;1.08357;1.08458;1.08383;1.08458;1711413600000000;1711416000000000;true;10:00 - 10:30;09:30 - 10:00;3.7;0.9;3.8;-0.1;0.5;0.9;2.7;-0.1;3.8
2024-03-27;1.08328;1.08285;1.08326;1.0829;1.0831;1.083;false;0.00043;1.08313;1.08204;1.0831;1.08219;1.08277;false;true;false;true;true;true;true;;1711499400000000;1711499400000000;09:30 - 10:00;false;true;true;;;1.08204;1.08313;1.08313;1.08204;1711500900000000;1711503600000000;true;10:30 - 11:00;09:30 - 10:00;-1.8;0.6;-1.9;0.6;0.5;0.3;-0.2;-1.9;0.6
2024-03-28;1.0815;1.08078;1.08145;1.08085;1.08134;1.08137;true;0.00072;1.0826;1.08137;1.08245;1.08137;1.08235;true;false;true;false;true;true;true;1711585800000000;;1711585800000000;09:30 - 10:00;true;true;true;;;1.08141;1.0826;1.08141;1.0826;1711586100000000;1711593000000000;true;11:30 - 12:00;09:30 - 10:00;2.5;0.9;2.6;0.9;0.8;0.9;2.2;0.9;2.6
2024-03-29;1.07921;1.07849;1.07914;1.07854;1.07906;1.07864;false;0.00072;1.0790899999999999;1.07738;1.07874;1.0774299999999999;1.07746;false;true;false;true;true;true;true;;1711673700000000;1711673700000000;09:30 - 10:00;false;true;true;1.07836;1.0790899999999999;1.07738;1.07847;1.07847;1.07738;1711674000000000;1711677900000000;false;11:00 - 11:30;10:00 - 10:30;-1.5;-0.1;-1.6;-0.1;0.7;0.2;-1.5;-1.6;0.8
2024-04-01;1.07983;1.07906;1.07969;1.07906;1.07906;1.07969;true;0.00077;1.0798699999999999;1.07837;1.07969;1.07838;1.07838;true;true;false;true;true;true;false;;1711935600000000;1711935600000000;10:30 - 11:00;false;true;true;1.07893;1.0798699999999999;1.07837;1.07913;1.07913;1.07837;1711943700000000;1711949100000000;true;14:00 - 14:30;12:30 - 13:00;-0.8;0.0;-0.9;0.0;0.0;0.8;-0.9;-0.9;1.0
2024-04-02;1.07395;1.07309;1.07389;1.07325;1.07389;1.07325;false;0.00086;1.07391;1.07293;1.07381;1.07295;1.07317;false;true;false;true;true;true;true;;1712023800000000;1712023800000000;11:00 - 11:30;false;true;false;1.07301;1.07391;1.07293;1.07362;1.07362;1.07293;1712027100000000;1712030400000000;true;13:00 - 13:30;12:00 - 12:30;-0.1;0.6;-0.2;0.6;0.9;0.1;0.0;-0.2;0.9
2024-04-03;1.07689;1.07658;1.07684;1.07666;1.0768;1.07667;false;0.00031;1.07794;1.07657;1.07788;1.07667;1.07761;true;true;true;false;true;true;false;1712105400000000;;1712105400000000;09:30 - 10:00;true;true;true;1.07664;1.07684;1.07657;1.07794;1.07657;1.07794;1712106000000000;1712114100000000;true;12:00 - 12:30;10:00 - 10:30;4.3;-0.0;4.4;-0.0;0.8;0.3;3.4;-0.0;4.4
2024-04-04;1.08407;1.0835299999999999;1.08386;1.08356;1.08381;1.08359;false;0.00054;1.08461;1.08347;1.08452;1.08352;1.08452;true;true;true;true;true;false;false;1712191800000000;1712190600000000;1712190600000000;09:30 - 10:00;false;false;false;;;1.08351;1.08461;1.08381;1.08351;1712190900000000;1712190900000000;true;09:30 - 10:00;09:30 - 10:00;-0.0;0.5;-0.1;1.9;0.5;0.1;1.8;-0.2;1.9
2024-04-05;1.08413;1.08349;1.08402;1.08355;1.08385;1.08364;false;0.00064;1.08441;1.08233;1.08436;1.08239;1.08265;true;true;true;true;true;false;false;1712278200000000;1712280600000000;1712278200000000;09:30 - 10:00;true;false;false;1.08361;1.08413;1.08233;1.08441;1.08413;1.08441;1712278500000000;1712278500000000;false;09:30 - 10:00;09:30 - 10:00;1.4;1.0;1.5;-1.8;0.6;0.3;-1.3;-1.8;1.5
2024-04-08;1.08325;1.0823099999999999;1.08321;1.08233;1.0831;1.08244;false;0.00094;1.08432;1.0823;1.08428;1.08233;1.08361;true;true;true;false;true;true;false;1712540400000000;;1712540400000000;10:30 - 11:00;true;true;true;1.0823;1.08327;1.08311;1.08432;1.08322;1.08432;1712540700000000;1712544300000000;true;11:30 - 12:00;10:30 - 11:00;2.1;1.0;2.2;0.9;0.9;0.2;1.4;-0.0;2.2
2024-04-09;1.08635;1.08584;1.08632;1.08586;1.08617;1.08596;false;0.00051;1.08623;1.08539;1.08618;1.08544;1.08574;false;true;false;true;true;true;true;;1712624400000000;1712624400000000;10:00 - 10:30;false;true;true;1.08576;1.08623;1.08539;1.08622;1.08622;1.08539;1712629200000000;1712634300000000;true;12:30 - 13:00;11:00 - 11:30;-0.8;0.7;-0.9;0.7;0.6;0.2;-0.2;-0.9;0.7
2024-04-10;1.0859699999999999;1.08554;1.0859699999999999;1.08561;1.0859699999999999;1.08564;false;0.00043;1.08588;1.08504;1.08577;1.08511;1.08544;false;true;false;true;true;true;true;;1712711700000000;1712711700000000;10:00 - 10:30;false;true;true;1.0855;1.08588;1.08504;1.08556;1.08555;1.08504;1712714400000000;1712721900000000;true;13:00 - 13:30;11:00 - 11:30;-1.1;0.0;-1.2;0.0;1.0;0.2;-0.3;-1.2;0.7
2024-04-11;1.07456;1.07382;1.07454;1.07398;1.07443;1.07431;false;0.00074;1.07488;1.0741;1.07488;1.07411;1.07452;true;false;true;false;true;true;true;1712800200000000;;1712800200000000;10:30 - 11:00;true;true;false;1.0741;1.07462;1.07439;1.07488;1.07443;1.07488;1712803200000000;1712805300000000;true;12:00 - 12:30;11:30 - 12:00;1.4;0.9;1.5;0.8;0.9;0.7;1.0;0.4;1.5
2024-04-12;1.07276;1.07224;1.07271;1.0723;1.07264;1.0723;false;0.00052;1.0728199999999999;1.07107;1.07277;1.07111;1.07118;true;true;true;true;true;false;false;1712885400000000;1712891400000000;1712885400000000;10:30 - 11:00;true;false;false;1.07229;1.0728199999999999;1.07107;1.07277;1.07255;1.07277;1712885700000000;1712885700000000;true;10:30 - 11:00;10:30 - 11:00;1.0;0.6;1.1;-2.2;0.8;0.2;-2.0;-2.2;1.2
2024-04-15;1.065;1.06431;1.06498;1.06447;1.06468;1.06489;true;0.00069;1.06549;1.06391;1.06542;1.06415;1.06522;true;true;true;true;true;false;false;1713144600000000;1713143400000000;1713143400000000;10:00 - 10:30;false;false;false;1.0643799999999999;1.0649;1.06391;1.06549;1.06464;1.06391;1713143700000000;1713143700000000;true;10:00 - 10:30;10:00 - 10:30;-0.5;0.4;-0.6;1.7;0.5;0.8;1.3;-0.6;1.7
2024-04-16;1.0628;1.06202;1.06277;1.06213;1.06277;1.06222;false;0.00078;1.06222;1.0606;1.06222;1.06066;1.06176;false;true;false;true;true;true;true;;1713227700000000;1713227700000000;09:30 - 10:00;false;true;true;1.06202;1.06222;1.0606;1.06216;1.06216;1.0606;1713228300000000;1713234900000000;true;11:30 - 12:00;09:30 - 10:00;-1.8;0.1;-1.9;0.1;0.9;0.2;-0.4;-1.9;0.2
2024-04-17;1.06253;1.06171;1.06241;1.06178;1.06241;1.06229;false;0.00082;1.06356;1.06171;1.06345;1.06171;1.06171;true;false;true;false;true;true;true;1713316800000000;;1713316800000000;10:00 - 10:30;true;true;false;1.06189;1.06234;1.06171;1.06356;1.06243;1.06356;1713318000000000;1713322200000000;true;11:30 - 12:00;10:30 - 11:00;2.2;0.9;2.3;0.0;0.9;0.8;0.0;0.0;2.3
2024-04-18;1.06726;1.06641;1.06726;1.06647;1.06726;1.06671;false;0.00085;1.06802;1.06644;1.06799;1.06647;1.06793;true;false;true;false;true;true;true;1713402600000000;;1713402600000000;10:00 - 10:30;true;true;true;1.06659;1.06729;1.06644;1.06802;1.06644;1.06802;1713404400000000;1713412500000000;true;12:30 - 13:00;10:30 - 11:00;1.8;0.1;1.9;0.1;1.0;0.4;1.8;0.1;1.9
2024-04-19;1.06439;1.0635999999999999;1.06436;1.06367;1.06426;1.06372;false;0.00079;1.06446;1.06104;1.06419;1.06111;1.06326;true;true;false;true;true;true;false;;1713488700000000;1713488700000000;10:00 - 10:30;false;true;true;1.0635999999999999;1.06446;1.06104;1.06431;1.0637;1.06104;1713489000000000;1713492600000000;true;11:00 - 11:30;10:00 - 10:30;-3.2;0.1;-3.3;0.8;0.8;0.1;-0.5;-3.3;1.0
2024-04-22;1.0665;1.06553;1.0664;1.06555;1.06595;1.06632;true;0.00097;1.06707;1.06526;1.06695;1.0653299999999999;1.06656;true;true;true;true;true;false;false;1713748800000000;1713746400000000;1713746400000000;09:30 - 10:00;false;false;false;1.06569;1.06633;1.06526;1.06707;1.06574;1.06526;1713746700000000;1713747300000000;true;09:30 - 10:00;09:30 - 10:00;-0.2;0.2;-0.3;1.5;0.4;0.8;1.0;-0.3;1.5
2024-04-23;1.06572;1.06531;1.06566;1.06531;1.06531;1.0655999999999999;true;0.00041;1.06606;1.06513;1.06603;1.0652;1.0652;true;true;true;true;true;false;false;1713832500000000;1713848400000000;1713832500000000;09:30 - 10:00;true;false;false;1.06558;1.06573;1.06513;1.06606;1.0653299999999999;1.06606;1713837000000000;1713840600000000;true;11:30 - 12:00;10:30 - 11:00;1.8;0.1;1.9;-0.4;0.0;0.8;-0.2;-0.4;1.9
2024-04-24;1.07084;1.06996;1.07084;1.07003;1.07027;1.07084;true;0.00088;1.07142;1.07022;1.0712599999999999;1.07025;1.07032;true;false;true;false;true;true;true;1713918900000000;;1713918900000000;09:30 - 10:00;true;true;false;1.07073;1.07084;1.07022;1.07142;1.0707;1.07142;1713919500000000;1713922500000000;true;10:30 - 11:00;09:30 - 10:00;1.6;0.9;1.7;0.3;0.4;1.0;0.5;0.3;1.7
2024-04-25;1.07047;1.06972;1.07044;1.06972;1.06972;1.06999;true;0.00075;1.07098;1.06969;1.07097;1.0697699999999999;1.07087;true;true;true;false;true;true;false;1714008300000000;;1714008300000000;10:00 - 10:30;true;true;true;1.06969;1.07056;1.07035;1.07098;1.07035;1.07098;1714014600000000;1714020300000000;true;13:30 - 14:00;12:00 - 12:30;1.6;0.9;1.7;0.9;0.0;0.4;1.6;-0.0;1.7
2024-04-26;1.07301;1.07226;1.07298;1.07241;1.07298;1.07261;false;0.00075;1.07293;1.07184;1.07289;1.07192;1.07257;false;true;false;true;true;true;true;;1714099200000000;1714099200000000;11:30 - 12:00;false;true;false;1.07237;1.07293;1.07184;1.07269;1.07217;1.07184;1714099500000000;1714099500000000;false;11:30 - 12:00;11:30 - 12:00;-0.5;-0.2;-0.6;0.5;0.9;0.4;0.4;-0.6;0.8
2024-04-29;1.07101;1.07043;1.07096;1.07046;1.0705;1.0706499999999999;true;0.00058;1.07337;1.07061;1.07322;1.0706499999999999;1.0729;true;false;true;false;true;true;true;1714351800000000;;1714351800000000;09:30 - 10:00;true;true;true;1.07061;1.071;1.07074;1.07337;1.07074;1.07337;1714352700000000;1714367400000000;true;14:00 - 14:30;10:00 - 10:30;5.0;0.6;5.1;0.6;0.2;0.4;4.3;0.4;5.1
2024-04-30;1.07188;1.07101;1.07183;1.07102;1.0718;1.07168;false;0.00087;1.07179;1.07023;1.07168;1.07024;1.07024;false;true;false;true;true;true;true;;1714441800000000;1714441800000000;10:30 - 11:00;false;true;true;1.07107;1.07179;1.07023;1.07091;1.07091;1.07023;1714442100000000;1714450500000000;false;13:00 - 13:30;10:30 - 11:00;-0.8;-0.2;-0.9;-0.2;0.9;0.7;-0.9;-0.9;0.8
2024-05-01;1.06676;1.06579;1.0667;1.06597;1.06663;1.06605;false;0.00097;1.06633;1.0654;1.06625;1.06543;1.06543;false;true;false;true;true;true;true;;1714529100000000;1714529100000000;11:00 - 11:30;false;true;true;1.0659;1.06633;1.0654;1.06602;1.06602;1.0654;1714530000000000;1714541100000000;true;14:00 - 14:30;11:00 - 11:30;-0.4;0.2;-0.5;0.2;0.8;0.2;-0.4;-0.5;0.5
2024-05-02;1.07181;1.07095;1.0717;1.07097;1.07142;1.07097;false;0.00086;1.07208;1.07069;1.07205;1.07081;1.07175;true;true;true;true;true;false;false;1714615200000000;1714613400000000;1714613400000000;10:30 - 11:00;false;false;false;1.07096;1.07157;1.07075;1.07208;1.07091;1.07075;1714613700000000;1714613700000000;false;10:30 - 11:00;10:30 - 11:00;-0.2;-0.1;-0.3;1.3;0.5;0.0;0.9;-0.4;1.3
2024-05-03;1.07305;1.07243;1.07301;1.07251;1.07295;1.07263;false;0.00062;1.07394;1.07259;1.07383;1.07263;1.07337;true;false;true;false;true;true;true;1714697700000000;;1714697700000000;09:30 - 10:00;true;true;true;1.07259;1.07308;1.07308;1.07394;1.07308;1.07394;1714698000000000;1714701000000000;false;10:30 - 11:00;10:00 - 10:30;2.4;1.1;2.5;1.1;0.9;0.4;1.6;0.3;2.5
2024-05-06;1.0764;1.07552;1.07638;1.07583;1.07638;1.07624;false;0.00088;1.07716;1.07603;1.0770899999999999;1.07607;1.07607;true;false;true;false;true;true;true;1714956000000000;;1714956000000000;09:30 - 10:00;true;true;false;1.07623;1.0764;1.07603;1.07716;1.07627;1.07716;1714959000000000;1714961400000000;true;11:00 - 11:30;10:30 - 11:00;1.8;0.9;1.9;0.6;1.0;0.9;0.7;0.6;1.9
2024-05-07;1.07711;1.07659;1.07707;1.07666;1.07672;1.07707;true;0.00052;1.07768;1.07607;1.07749;1.07609;1.07692;true;true;true;true;true;false;false;1715042100000000;1715046000000000;1715042100000000;09:30 - 10:00;true;false;false;1.07699;1.07711;1.07607;1.07768;1.0772599999999999;1.07768;1715042700000000;1715043600000000;false;10:00 - 10:30;09:30 - 10:00;2.0;1.3;2.1;-0.9;0.3;1.0;0.7;-0.9;2.1
2024-05-08;1.07541;1.07468;1.0752599999999999;1.07481;1.07491;1.07525;true;0.00073;1.07542;1.0738;1.0752599999999999;1.07385;1.07391;true;true;false;true;true;true;false;;1715130000000000;1715130000000000;10:00 - 10:30;false;true;true;1.07472;1.07542;1.0738;1.07477;1.07477;1.0738;1715130600000000;1715134200000000;true;11:00 - 11:30;10:00 - 10:30;-1.2;0.1;-1.3;0.1;0.3;0.7;-1.1;-1.3;1.0
2024-05-09;1.07476;1.07424;1.07473;1.07431;1.07469;1.07449;false;0.00052;1.07516;1.07422;1.07495;1.07428;1.07452;true;true;true;false;true;true;false;1715218800000000;;1715218800000000;10:30 - 11:00;true;true;false;1.07422;1.07475;1.07436;1.07516;1.07449;1.07516;1715222100000000;1715224800000000;true;12:00 - 12:30;11:30 - 12:00;1.7;0.5;1.8;0.3;0.9;0.5;0.6;-0.0;1.8
2024-05-10;1.07844;1.07782;1.07843;1.07786;1.07843;1.07795;false;0.00062;1.07826;1.07731;1.07813;1.07738;1.0776;false;true;false;true;true;true;true;;1715301900000000;1715301900000000;09:30 - 10:00;false;true;true;1.07781;1.07797;1.07731;1.07826;1.07826;1.07731;1715304300000000;1715307600000000;true;11:00 - 11:30;10:00 - 10:30;-0.8;0.7;-0.9;0.7;0.9;0.2;-0.4;-0.9;0.7
2024-05-13;1.07742;1.07681;1.07737;1.07688;1.07737;1.07693;false;0.00061;1.07731;1.07657;1.07723;1.07661;1.07711;false;true;false;true;true;true;true;;1715567100000000;1715567100000000;11:00 - 11:30;false;true;false;1.07668;1.07731;1.0766;1.07724;1.07676;1.0766;1715567400000000;1715567400000000;false;11:30 - 12:00;11:30 - 12:00;-0.3;-0.1;-0.4;0.7;0.9;0.1;0.4;-0.4;0.8
2024-05-14;1.07937;1.07873;1.07932;1.07876;1.07927;1.07876;false;0.00064;1.07896;1.07843;1.07889;1.07846;1.07855;false;true;false;true;true;true;true;;1715646600000000;1715646600000000;09:30 - 10:00;false;true;true;;;1.07843;1.07896;1.07896;1.07843;1715648400000000;1715650500000000;true;10:30 - 11:00;10:00 - 10:30;-0.4;0.3;-0.5;0.3;0.8;0.0;-0.3;-0.5;0.3
2024-05-15;1.08174;1.08129;1.08171;1.08138;1.08152;1.08163;true;0.00045;1.08278;1.0815;1.0827;1.0815299999999999;1.08225;true;false;true;false;true;true;true;1715734200000000;;1715734200000000;09:30 - 10:00;true;true;true;1.08151;1.08171;1.08164;1.08278;1.08164;1.08278;1715734800000000;1715743800000000;true;12:30 - 13:00;10:00 - 10:30;3.3;0.8;3.4;0.8;0.6;0.8;2.2;0.5;3.4
2024-05-16;1.08902;1.08865;1.08898;1.08872;1.08893;1.08897;true;0.00037;1.08949;1.08809;1.0893599999999999;1.0881399999999999;1.08819;true;true;true;true;true;false;false;1715819400000000;1715823900000000;1715819400000000;09:30 - 10:00;true;false;false;;;1.08809;1.08949;1.08901;1.08949;1715820000000000;1715820900000000;true;09:30 - 10:00;09:30 - 10:00;2.2;1.0;2.3;-1.5;0.8;0.9;-1.2;-1.5;2.3
2024-05-17;1.08687;1.08609;1.08677;1.08611;1.08661;1.08611;false;0.00078;1.08653;1.08543;1.08627;1.08554;1.08569;false;true;false;true;true;true;true;;1715907600000000;1715907600000000;10:00 - 10:30;false;true;true;1.0859699999999999;1.08653;1.08543;1.0863;1.0863;1.08543;1715910300000000;1715913000000000;true;11:30 - 12:00;10:30 - 11:00;-0.8;0.2;-0.9;0.2;0.6;0.0;-0.6;-0.9;0.5
2024-05-20;1.08763;1.08688;1.08758;1.08699;1.08735;1.08758;true;0.00075;1.08824;1.08714;1.0882;1.08721;1.08807;true;false;true;false;true;true;true;1716175200000000;;1716175200000000;12:00 - 12:30;true;true;true;1.08714;1.08772;1.0876;1.08824;1.0876;1.08824;1716175800000000;1716178500000000;true;13:00 - 13:30;12:30 - 13:00;1.8;1.0;1.9;1.0;0.7;1.0;1.6;0.4;1.9
2024-05-21;1.0861;1.08564;1.08605;1.08578;1.08595;1.08578;false;0.00046;1.0862;1.0850899999999999;1.08613;1.08511;1.08596;true;true;true;true;true;false;false;1716252600000000;1716256500000000;1716252600000000;09:30 - 10:00;true;false;false;1.08574;1.08598;1.0850899999999999;1.0862;1.08603;1.0862;1716252900000000;1716252900000000;true;09:30 - 10:00;09:30 - 10:00;1.2;0.9;1.3;-1.1;0.7;0.4;0.7;-1.1;1.3
2024-05-22;1.0859699999999999;1.08537;1.08584;1.08539;1.08583;1.08584;true;0.0006;1.08634;1.08519;1.0862;1.08522;1.08544;true;true;true;true;true;false;false;1716342300000000;1716351000000000;1716342300000000;10:30 - 11:00;true;false;false;1.0855299999999999;1.08598;1.08519;1.08634;1.0859;1.08634;1716342900000000;1716343200000000;true;11:00 - 11:30;10:30 - 11:00;1.6;0.9;1.7;-0.2;0.8;0.8;0.2;-0.2;1.7
2024-05-23;1.08286;1.08241;1.08278;1.08243;1.08264;1.08278;true;0.00045;1.08325;1.08219;1.08322;1.08219;1.08271;true;true;true;true;true;false;false;1716428400000000;1716430200000000;1716428400000000;10:30 - 11:00;true;false;false;1.08245;1.0829199999999999;1.08219;1.08325;1.08219;1.08325;1716430500000000;1716437400000000;true;13:00 - 13:30;11:00 - 11:30;1.8;-0.4;1.9;-0.4;0.6;0.9;0.7;-0.4;1.9
2024-05-24;1.08149;1.08077;1.08147;1.08087;1.08142;1.08096;false;0.00072;1.08138;1.08054;1.08135;1.08061;1.08086;false;true;false;true;true;true;true;;1716518400000000;1716518400000000;11:30 - 12:00;false;true;false;1.0807;1.08138;1.08054;1.08103;1.08097;1.08054;1716519000000000;1716523200000000;true;13:00 - 13:30;11:30 - 12:00;-0.3;0.2;-0.4;0.3;0.9;0.2;0.1;-0.4;0.8
2024-05-27;1.08491;1.0846;1.08489;1.08465;1.08489;1.08471;false;0.00031;1.0852;1.08471;1.08512;1.08471;1.08488;true;false;true;false;true;true;true;1716771600000000;;1716771600000000;10:00 - 10:30;true;true;false;1.08471;1.0849199999999999;1.08471;1.0852;1.08487;1.0852;1716772800000000;1716775500000000;true;11:00 - 11:30;10:00 - 10:30;1.9;0.9;2.0;0.4;1.0;0.4;1.0;0.4;2.0
2024-05-28;1.08654;1.08598;1.08644;1.08601;1.08606;1.0863;true;0.00056;1.088;1.08616;1.08795;1.08627;1.08746;true;false;true;false;true;true;true;1716857400000000;;1716857400000000;09:30 - 10:00;true;true;true;1.08616;1.0866;1.0864;1.088;1.0864;1.088;1716857700000000;1716870000000000;true;13:00 - 13:30;09:30 - 10:00;3.6;0.8;3.7;0.8;0.2;0.6;2.7;0.4;3.7
2024-05-29;1.0854;1.08476;1.08531;1.08486;1.08522;1.0849;false;0.00064;1.0856999999999999;1.08439;1.08559;1.08442;1.0846;true;true;true;true;true;false;false;1716945300000000;1716950700000000;1716945300000000;10:00 - 10:30;true;false;false;1.08478;1.08545;1.08439;1.0856999999999999;1.08545;1.0856999999999999;1716945900000000;1716945900000000;false;10:00 - 10:30;10:00 - 10:30;1.4;1.1;1.5;-0.5;0.8;0.3;-0.2;-0.5;1.5
2024-05-30;1.08017;1.07966;1.08012;1.07975;1.08003;1.07995;false;0.00051;1.08044;1.07889;1.08022;1.07903;1.07903;true;true;true;true;true;false;false;1717032900000000;1717029300000000;1717029300000000;09:30 - 10:00;false;false;true;1.07979;1.08;1.07889;1.08044;1.08044;1.07889;1717032000000000;1717046700000000;true;14:00 - 14:30;10:00 - 10:30;-1.5;1.5;-1.6;1.5;0.7;0.5;-1.3;-1.6;1.5
2024-05-31;1.08335;1.0829199999999999;1.08325;1.08298;1.08321;1.08305;false;0.00043;1.08334;1.08112;1.08324;1.08114;1.08176;false;true;false;true;true;true;true;;1717118100000000;1717118100000000;10:00 - 10:30;false;true;true;1.08301;1.08334;1.08112;1.0831;1.0831;1.08112;1717118700000000;1717124400000000;true;12:00 - 12:30;10:00 - 10:30;-4.1;0.4;-4.2;0.4;0.6;0.3;-2.7;-4.2;0.9
2024-06-03;1.08557;1.0850899999999999;1.08548;1.08511;1.08511;1.08548;true;0.00048;1.08586;1.0849199999999999;1.08579;1.08493;1.08522;true;true;true;true;true;false;false;1717375800000000;1717386600000000;1717375800000000;09:30 - 10:00;true;false;false;1.08526;1.0856;1.0849199999999999;1.08586;1.08547;1.08586;1717377600000000;1717379100000000;true;10:30 - 11:00;10:00 - 10:30;1.6;0.8;1.7;-0.3;0.1;0.9;0.3;-0.3;1.7
2024-06-04;1.09148;1.09063;1.09147;1.09064;1.09083;1.09131;true;0.00085;1.0916;1.09051;1.09156;1.0905799999999999;1.09073;true;true;true;true;true;false;false;1717461300000000;1717467300000000;1717461300000000;09:30 - 10:00;true;false;false;1.09129;1.09144;1.09051;1.0916;1.09125;1.0916;1717462500000000;1717462500000000;true;09:30 - 10:00;09:30 - 10:00;1.1;0.8;1.2;-0.1;0.3;0.8;0.2;-0.1;1.2
2024-06-05;1.08819;1.08783;1.08817;1.08789;1.08805;1.0879;false;0.00036;1.08862;1.08766;1.08852;1.0877;1.0879;true;true;true;true;true;false;false;1717548000000000;1717557900000000;1717548000000000;09:30 - 10:00;true;false;false;1.08786;1.08824;1.08766;1.0886;1.08805;1.0886;1717551300000000;1717551900000000;true;10:30 - 11:00;10:30 - 11:00;2.1;0.7;2.2;-0.4;0.7;0.2;0.2;-0.4;2.2
2024-06-06;1.08776;1.08729;1.08769;1.0873;1.0873;1.08768;true;0.00047;1.08957;1.08761;1.08942;1.08765;1.08845;true;false;true;false;true;true;true;1717634400000000;;1717634400000000;09:30 - 10:00;true;true;true;1.08761;1.08776;1.08787;1.08957;1.08787;1.08957;1717634700000000;1717641900000000;false;11:30 - 12:00;09:30 - 10:00;4.8;1.3;4.9;1.3;0.1;0.9;2.5;0.7;4.9
2024-06-07;1.08926;1.08874;1.08922;1.08878;1.0892;1.08878;false;0.00052;1.08978;1.08867;1.08977;1.08872;1.08927;true;true;true;true;true;false;false;1717724700000000;1717720200000000;1717720200000000;09:30 - 10:00;false;false;false;;;1.08867;1.08978;1.08888;1.08867;1717720800000000;1717720800000000;true;09:30 - 10:00;09:30 - 10:00;-0.1;0.2;-0.2;2.0;0.8;0.0;1.0;-0.2;2.0
2024-06-10;1.07816;1.07739;1.07811;1.07749;1.07776;1.07749;false;0.00077;1.078;1.07479;1.0778699999999999;1.07484;1.07503;false;true;false;true;true;true;true;;1717982700000000;1717982700000000;10:00 - 10:30;false;true;true;1.07748;1.078;1.07479;1.07758;1.07758;1.07479;1717984500000000;1717992900000000;true;13:00 - 13:30;10:30 - 11:00;-3.3;0.2;-3.4;0.2;0.4;0.1;-3.1;-3.4;0.7
2024-06-11;1.07646;1.07612;1.07638;1.07614;1.07633;1.07622;false;0.00034;1.07706;1.07616;1.077;1.0762;1.07681;true;false;true;false;true;true;true;1718069700000000;;1718069700000000;10:30 - 11:00;true;true;true;1.07616;1.0765;1.0764799999999999;1.07706;1.0764799999999999;1.07706;1718071500000000;1718079600000000;false;13:00 - 13:30;11:00 - 11:30;2.7;1.1;2.8;1.1;0.7;0.3;2.1;0.2;2.8
2024-06-12;1.07401;1.07372;1.07399;1.07377;1.07396;1.07377;false;0.00029;1.07431;1.07346;1.07427;1.07352;1.07397;true;true;true;true;true;false;false;1718157000000000;1718152500000000;1718152500000000;09:30 - 10:00;false;false;false;1.07372;1.07384;1.07346;1.07431;1.07372;1.07346;1718152800000000;1718154300000000;false;10:00 - 10:30;09:30 - 10:00;-0.8;0.0;-0.9;2.0;0.8;0.1;0.8;-0.9;2.0
2024-06-13;1.08157;1.08115;1.08154;1.0812;1.08143;1.0812599999999999;false;0.00042;1.08158;1.08004;1.08149;1.08011;1.08035;true;true;false;true;true;true;false;;1718241900000000;1718241900000000;10:00 - 10:30;false;true;true;1.08105;1.08158;1.08004;1.08142;1.08142;1.08004;1718242200000000;1718256000000000;true;14:00 - 14:30;10:30 - 11:00;-2.6;0.6;-2.7;0.6;0.6;0.2;-2.0;-2.7;1.0
2024-06-14;1.07409;1.07362;1.07405;1.07368;1.07399;1.07373;false;0.00047;1.0744799999999999;1.07349;1.07435;1.07353;1.07354;true;true;true;true;true;false;false;1718329800000000;1718340600000000;1718329800000000;10:30 - 11:00;true;false;false;1.07352;1.07411;1.07349;1.0744799999999999;1.07402;1.0744799999999999;1718331600000000;1718334900000000;true;12:00 - 12:30;11:00 - 11:30;1.8;0.9;1.9;-0.2;0.8;0.3;-0.1;-0.2;1.9
2024-06-17;1.07062;1.0700399999999999;1.07055;1.07015;1.0703799999999999;1.07055;true;0.00058;1.07072;1.06988;1.07063;1.06998;1.07044;true;true;true;true;true;false;false;1718585400000000;1718587800000000;1718585400000000;09:30 - 10:00;true;false;false;1.07036;1.0706;1.06988;1.07063;1.0703799999999999;1.07063;1718585700000000;1718585700000000;true;09:30 - 10:00;09:30 - 10:00;1.0;0.6;1.1;-0.2;0.6;0.9;0.7;-0.2;1.2
2024-06-18;1.0741;1.07362;1.0740399999999999;1.07366;1.07389;1.07367;false;0.00048;1.07385;1.07189;1.07378;1.07191;1.07191;false;true;false;true;true;true;true;;1718672100000000;1718672100000000;09:30 - 10:00;false;true;true;1.07358;1.07385;1.07189;1.07369;1.07369;1.07189;1718672400000000;1718688300000000;true;14:00 - 14:30;10:00 - 10:30;-3.6;0.1;-3.7;0.1;0.5;0.1;-3.6;-3.7;0.4
2024-06-19;1.07405;1.07373;1.0740399999999999;1.07375;1.0740399999999999;1.07379;false;0.00032;1.07423;1.07351;1.07412;1.07357;1.07367;true;true;true;true;true;false;false;1718761800000000;1718758200000000;1718758200000000;09:30 - 10:00;false;false;true;1.07372;1.07388;1.07351;1.07423;1.07423;1.07351;1718764500000000;1718774400000000;true;14:00 - 14:30;11:30 - 12:00;-0.6;1.5;-0.7;1.5;0.9;0.1;-0.2;-0.7;1.5
2024-06-20;1.07486;1.0745;1.07485;1.07452;1.0748;1.07464;false;0.00036;1.07483;1.07385;1.07478;1.07394;1.07396;false;true;false;true;true;true;true;;1718846100000000;1718846100000000;10:00 - 10:30;false;true;true;1.07454;1.07483;1.07385;1.07468;1.07468;1.07385;1718847300000000;1718860800000000;true;14:00 - 14:30;10:30 - 11:00;-1.8;0.5;-1.9;0.5;0.8;0.3;-1.6;-1.9;0.9
2024-06-21;1.07072;1.07033;1.07067;1.07041;1.07067;1.07054;false;0.00039;1.07198;1.07043;1.07193;1.07054;1.07192;true;false;true;false;true;true;true;1718931600000000;;1718931600000000;10:00 - 10:30;true;true;true;1.07043;1.07075;1.0705;1.07198;1.0705;1.07198;1718932200000000;1718947500000000;true;14:00 - 14:30;10:00 - 10:30;4.2;0.5;4.3;0.5;0.9;0.6;4.1;0.3;4.3
2024-06-24;1.0691599999999999;1.06848;1.06914;1.0685;1.06914;1.06886;false;0.00068;1.06982;1.06836;1.06976;1.06861;1.06962;true;true;true;false;true;true;false;1719190200000000;;1719190200000000;09:30 - 10:00;true;true;true;1.06885;1.06922;1.06836;1.06982;1.06836;1.06982;1719191700000000;1719205500000000;true;14:00 - 14:30;10:00 - 10:30;1.9;-0.1;2.0;-0.1;1.0;0.6;1.7;-0.1;2.0
2024-06-25;1.07357;1.07313;1.07344;1.07317;1.07318;1.0733;true;0.00044;1.07442;1.07321;1.07438;1.07325;1.07434;true;false;true;false;true;true;true;1719281700000000;;1719281700000000;11:00 - 11:30;true;true;true;1.07321;1.0735999999999999;1.0735;1.07442;1.0735;1.07442;1719283800000000;1719292800000000;true;14:00 - 14:30;11:30 - 12:00;2.9;0.9;3.0;0.9;0.2;0.4;2.8;0.2;3.0
2024-06-26;1.07103;1.07061;1.071;1.07067;1.07096;1.07096;false;0.00042;1.07179;1.07052;1.07177;1.07058;1.07058;true;true;true;true;true;false;false;1719363300000000;1719379500000000;1719363300000000;09:30 - 10:00;true;false;false;1.0708199999999999;1.07106;1.07052;1.07179;1.07108;1.07179;1719366000000000;1719367800000000;false;11:00 - 11:30;10:30 - 11:00;2.8;1.2;2.9;-0.2;0.9;0.9;-0.0;-0.2;2.9
2024-06-27;1.06818;1.06784;1.06816;1.06786;1.06799;1.06796;false;0.00034;1.06948;1.0677;1.06942;1.06778;1.0693;true;true;true;true;true;false;false;1719450900000000;1719448800000000;1719448800000000;09:30 - 10:00;false;false;false;1.06793;1.06811;1.0677;1.06948;1.06785;1.0677;1719449100000000;1719449100000000;true;09:30 - 10:00;09:30 - 10:00;-0.4;0.0;-0.5;4.8;0.4;0.3;4.2;-0.5;4.8
2024-06-28;1.07108;1.07069;1.07103;1.07075;1.07077;1.07092;true;0.00039;1.07098;1.06852;1.07092;1.06857;1.06907;false;true;false;true;true;true;true;;1719535200000000;1719535200000000;09:30 - 10:00;false;true;true;1.0707;1.07098;1.06852;1.0706;1.0706;1.06852;1719535500000000;1719538800000000;false;10:30 - 11:00;09:30 - 10:00;-5.5;-0.3;-5.6;-0.3;0.2;0.5;-4.2;-5.6;0.7
2024-07-01;1.07467;1.0734;1.07453;1.0735;1.07364;1.07426;true;0.00127;1.07616;1.07419;1.07595;1.07426;1.07573;true;false;true;false;true;true;true;1719794100000000;;1719794100000000;09:30 - 10:00;true;true;true;1.07423;1.0745;1.07419;1.07616;1.07419;1.07616;1719795300000000;1719797700000000;true;10:30 - 11:00;09:30 - 10:00;2.1;0.7;2.2;0.7;0.2;0.7;1.9;0.7;2.2
2024-07-02;1.07386;1.07348;1.07377;1.07352;1.07372;1.07357;false;0.00038;1.07373;1.07268;1.07366;1.07277;1.07277;false;true;false;true;true;true;true;;1719880800000000;1719880800000000;09:30 - 10:00;false;true;true;1.07347;1.07373;1.07268;1.07364;1.07364;1.07268;1719884700000000;1719897900000000;true;14:00 - 14:30;10:30 - 11:00;-2.1;0.4;-2.2;0.4;0.6;0.2;-1.9;-2.2;0.6
2024-07-03;1.0754299999999999;1.07467;1.07535;1.0747;1.0747;1.07511;true;0.00076;1.07512;1.0735999999999999;1.07511;1.07373;1.07378;false;true;false;true;true;true;true;;1719968400000000;1719968400000000;10:00 - 10:30;false;true;true;1.07471;1.07512;1.0735999999999999;1.07468;1.07468;1.0735999999999999;1719974100000000;1719984300000000;true;14:00 - 14:30;11:30 - 12:00;-1.4;0.0;-1.5;0.0;0.0;0.5;-1.2;-1.5;0.5
2024-07-04;1.07937;1.07882;1.07928;1.07884;1.0789;1.07898;true;0.00055;1.07949;1.07834;1.07936;1.07838;1.07856;true;true;false;true;true;true;false;;1720059900000000;1720059900000000;11:00 - 11:30;false;true;true;1.07882;1.07949;1.07834;1.07884;1.07884;1.07834;1720060500000000;1720065300000000;true;12:30 - 13:00;11:30 - 12:00;-0.8;0.0;-0.9;0.0;0.1;0.2;-0.5;-0.9;1.2
2024-07-05;1.08144;1.0809199999999999;1.08142;1.08098;1.08103;1.08142;true;0.00052;1.08246;1.08137;1.08241;1.08142;1.08198;true;false;true;false;true;true;true;1720139400000000;;1720139400000000;09:30 - 10:00;true;true;true;;;1.08137;1.08246;1.08137;1.08246;1720143300000000;1720150500000000;true;12:30 - 13:00;10:30 - 11:00;2.9;0.9;3.0;0.9;0.3;1.0;2.1;0.9;3.0
2024-07-08;1.08294;1.08249;1.0828;1.08257;1.08262;1.0828;true;0.00045;1.08363;1.0819;1.08355;1.08197;1.08246;true;true;true;true;true;false;false;1720408500000000;1720398600000000;1720398600000000;09:30 - 10:00;false;false;true;;;1.0819;1.08363;1.08234;1.0819;1720398900000000;1720399800000000;false;09:30 - 10:00;09:30 - 10:00;-1.3;-0.4;-1.4;2.5;0.2;0.6;-0.1;-1.4;2.5
2024-07-09;1.08334;1.08297;1.08328;1.08298;1.08298;1.08317;true;0.00037;1.08319;1.08192;1.08317;1.08198;1.08294;false;true;false;true;true;true;true;;1720485600000000;1720485600000000;09:30 - 10:00;false;true;true;1.0829;1.08319;1.08192;1.08312;1.08297;1.08192;1720485900000000;1720490700000000;false;11:00 - 11:30;09:30 - 10:00;-2.8;0.0;-2.9;0.4;0.0;0.5;-0.1;-2.9;0.5
2024-07-10;1.08167;1.0813;1.08163;1.08133;1.08156;1.08147;false;0.00037;1.08211;1.08108;1.08209;1.08118;1.08173;true;true;true;true;true;false;false;1720580100000000;1720572900000000;1720572900000000;09:30 - 10:00;false;false;false;1.08122;1.0816;1.08108;1.08211;1.08147;1.08108;1720575000000000;1720575300000000;true;10:30 - 11:00;10:30 - 11:00;-0.5;0.4;-0.6;2.1;0.7;0.4;1.1;-0.6;2.1
2024-07-11;1.08359;1.0830899999999999;1.08349;1.08311;1.08349;1.08347;false;0.0005;1.08401;1.08324;1.08399;1.08328;1.08358;true;false;true;false;true;true;true;1720658400000000;;1720658400000000;09:30 - 10:00;true;true;false;1.08332;1.0835;1.08324;1.08401;1.08324;1.08401;1720660800000000;1720663200000000;true;11:00 - 11:30;10:00 - 10:30;1.8;0.4;1.9;0.4;0.9;0.8;1.0;0.4;1.9
2024-07-12;1.08745;1.08648;1.0874;1.0865799999999999;1.08717;1.08708;false;0.00097;1.08738;1.08635;1.0871899999999999;1.08637;1.08697;false;true;false;true;true;true;true;;1720749300000000;1720749300000000;10:30 - 11:00;false;true;false;1.0865;1.08738;1.08635;1.08717;1.08667;1.08635;1720749900000000;1720750500000000;true;11:00 - 11:30;11:00 - 11:30;-0.1;0.1;-0.2;0.7;0.7;0.6;0.5;-0.2;0.9
2024-07-15;1.08888;1.08832;1.08878;1.08832;1.08838;1.0887;true;0.00056;1.08958;1.08853;1.08958;1.08859;1.08958;true;false;true;false;true;true;true;1721008500000000;;1721008500000000;10:30 - 11:00;true;true;true;1.08853;1.08894;1.08862;1.08958;1.08862;1.08958;1721010000000000;1721021100000000;true;14:00 - 14:30;11:00 - 11:30;2.2;0.6;2.3;0.6;0.2;0.7;2.3;0.4;2.3
2024-07-16;1.08987;1.08935;1.08982;1.08939;1.08968;1.08955;false;0.00052;1.08958;1.0888;1.08955;1.08882;1.08882;false;true;false;true;true;true;true;;1721090100000000;1721090100000000;09:30 - 10:00;false;true;true;1.08946;1.08958;1.0888;1.08946;1.08946;1.0888;1721104800000000;1721107500000000;true;14:00 - 14:30;13:30 - 14:00;-1.0;0.2;-1.1;0.2;0.6;0.3;-1.1;-1.1;0.4
2024-07-17;1.0903;1.08957;1.09027;1.08968;1.09013;1.08974;false;0.00073;1.09069;1.08955;1.09062;1.08963;1.0903;true;true;true;false;true;true;false;1721183400000000;;1721183400000000;11:30 - 12:00;true;true;false;1.08955;1.09034;1.09004;1.09069;1.09039;1.09069;1721183700000000;1721184000000000;false;11:30 - 12:00;11:30 - 12:00;1.5;1.2;1.6;0.7;0.8;0.3;1.0;-0.0;1.6
2024-07-18;1.0941;1.09384;1.09404;1.09387;1.09404;1.09401;false;0.00026;1.09406;1.09315;1.09401;1.09324;1.0934;false;true;false;true;true;true;true;;1721263800000000;1721263800000000;09:30 - 10:00;false;true;true;1.09383;1.09406;1.09315;1.0939;1.0939;1.09315;1721266200000000;1721275500000000;true;13:00 - 13:30;10:30 - 11:00;-2.6;0.2;-2.7;0.2;0.7;0.6;-1.7;-2.7;0.8
2024-07-19;1.09017;1.0893;1.0901399999999999;1.08931;1.09001;1.0895299999999999;false;0.00087;1.08971;1.08845;1.08969;1.08857;1.08882;false;true;false;true;true;true;true;;1721350200000000;1721350200000000;09:30 - 10:00;false;true;true;1.08942;1.08971;1.08845;1.08947;1.08947;1.08845;1721350800000000;1721365200000000;true;14:00 - 14:30;10:00 - 10:30;-0.9;0.1;-1.0;0.1;0.8;0.2;-0.6;-1.0;0.4
