date;dr_high;dr_low;idr_high;idr_low;dr_open;dr_close;greenbox;session_high;session_low;session_body_high;session_body_low;session_close;session_high_time;session_low_time;breached_dr_high;breached_dr_low;closed_above_dr_high;closed_below_dr_high;dr_confirmed;dr_true_close;dr_true_wick;up_confirmation;down_confirmation;breakout_time;breakout_window;dr_upday;dr_true;close_outside_dr;pre_conf_max;pre_conf_min;max_expansion_time;max_retracement_time;max_expansion_value;max_retracement_value;retrace_into_dr;retrace_into_idr;expansion_window;retracement_window;opening_level;closing_level;session_high_level;session_low_level;session_close_level;pre_conf_min_level;pre_conf_max_level;expansion_level;retracement_level
2023-09-18;1.06715;1.06593;1.06706;1.06622;1.06692;1.0669;False;1.06986;1.0668;1.06971;1.0669;1.06866;11:45:00;11:50:00;True;False;True;False;True;True;True;2023-09-18 10:30:00-04:00;;10:30:00;10:30 - 11:00;True;True;True;1.0669;1.0669;11:45:00;10:45:00;1.06986;1.06682;True;True;11:30 - 12:00;10:30 - 11:00;0.8;0.7;3.2;0.7;2.2;0.7;0.7;3.2;0.7
2023-09-19;1.06967;1.06823;1.0694;1.0685;1.06896;1.0686;False;1.06928;1.0676;1.06924;1.0677;1.06805;10:45:00;13:35:00;False;True;False;True;True;True;True;;2023-09-19 11:20:00-04:00;11:20:00;11:00 - 11:30;False;True;True;1.06928;1.06848;15:20:00;13:35:00;1.0676;1.06918;True;True;15:00 - 15:30;13:30 - 14:00;0.5;0.2;0.7;-0.4;-0.1;0.1;0.7;-0.4;0.6
2023-09-20;1.07272;1.07035;1.07241;1.07052;1.07052;1.07177;True;1.07368;1.06576;1.07367;1.06585;1.06585;12:30:00;12:30:00;True;True;True;True;True;False;False;2023-09-20 12:20:00-04:00;2023-09-20 14:00:00-04:00;12:20:00;12:00 - 12:30;True;False;False;1.07272;1.07134;12:30:00;12:25:00;1.07368;1.07299;False;False;12:30 - 13:00;12:00 - 12:30;0.0;0.5;1.4;-1.9;-1.8;0.4;1.0;1.4;1.1
2023-09-21;1.06655;1.06376;1.06621;1.06402;1.06536;1.06621;True;1.06736;1.06545;1.0673;1.06557;1.06592;10:40:00;14:25:00;True;False;True;False;True;True;True;2023-09-21 10:30:00-04:00;;10:30:00;10:30 - 11:00;True;True;False;1.06621;1.06621;10:40:00;10:40:00;1.06736;1.06643;True;False;10:30 - 11:00;10:30 - 11:00;0.5;0.8;1.2;0.6;0.7;0.8;0.8;1.2;0.9
2023-09-22;1.06671;1.06419;1.0666;1.06435;1.06485;1.06656;True;1.06717;1.06392;1.0671;1.06398;1.06435;10:35:00;10:35:00;True;True;True;True;True;False;False;2023-09-22 10:35:00-04:00;2023-09-22 14:35:00-04:00;10:35:00;10:30 - 11:00;True;False;False;1.06691;1.06646;10:40:00;10:40:00;1.0671;1.06664;True;False;10:30 - 11:00;10:30 - 11:00;0.2;0.9;1.1;-0.1;0.0;0.9;1.0;1.1;0.9
2023-09-25;1.0611;1.05783;1.06106;1.05828;1.06106;1.05846;False;1.05988;1.05751;1.0598;1.05773;1.05928;14:05:00;14:05:00;False;True;False;True;True;True;True;;2023-09-25 10:50:00-04:00;10:50:00;10:30 - 11:00;False;True;False;1.05906;1.05806;10:55:00;10:55:00;1.05751;1.05796;True;False;10:30 - 11:00;10:30 - 11:00;0.9;0.1;0.6;0.0;0.4;0.0;0.3;0.0;0.0
2023-09-26;1.05986;1.05841;1.0594;1.0586;1.0594;1.05881;False;1.05922;1.0562;1.05881;1.05624;1.05701;10:35:00;10:35:00;False;True;False;True;True;True;True;;2023-09-26 10:45:00-04:00;10:45:00;10:30 - 11:00;False;True;True;1.05922;1.05835;14:35:00;10:55:00;1.0562;1.05847;True;False;14:30 - 15:00;10:30 - 11:00;0.6;0.2;0.5;-1.5;-0.9;0.0;0.5;-1.5;0.0
2023-09-27;1.05331;1.05097;1.05302;1.05104;1.05302;1.0518;False;1.05239;1.04881;1.05229;1.04889;1.05058;11:30:00;11:35:00;False;True;False;True;True;True;True;;2023-09-27 10:55:00-04:00;10:55:00;10:30 - 11:00;False;True;True;1.05223;1.05101;14:20:00;11:30:00;1.04881;1.05239;True;True;14:00 - 14:30;11:30 - 12:00;0.8;0.3;0.6;-0.9;-0.1;0.0;0.5;-0.9;0.6
2023-09-28;1.05586;1.05358;1.05581;1.05373;1.05459;1.05558;True;1.05788;1.05455;1.05786;1.05504;1.05642;11:40:00;11:50:00;True;False;True;False;True;True;True;2023-09-28 10:45:00-04:00;;10:45:00;10:30 - 11:00;True;True;True;1.05577;1.05455;11:40:00;11:10:00;1.05788;1.05581;True;False;11:30 - 12:00;11:00 - 11:30;0.4;0.8;1.8;0.4;1.2;0.4;0.9;1.8;0.9
2023-09-29;1.05897;1.05698;1.05872;1.05707;1.05865;1.05718;False;1.05928;1.05638;1.05885;1.05649;1.05723;10:45:00;12:30:00;True;True;False;True;True;True;False;;2023-09-29 13:05:00-04:00;13:05:00;13:00 - 13:30;False;True;False;1.05928;1.05712;14:15:00;13:40:00;1.05638;1.05725;True;True;14:00 - 14:30;13:30 - 14:00;0.8;0.1;1.1;-0.3;0.1;0.0;1.1;-0.3;0.1
2023-10-02;1.05274;1.04977;1.05247;1.04986;1.0523;1.05112;False;1.05128;1.04806;1.05112;1.04809;1.04809;10:30:00;11:20:00;False;True;False;True;True;True;True;;2023-10-02 10:40:00-04:00;10:40:00;10:30 - 11:00;False;True;True;1.05128;1.04985;15:55:00;11:20:00;1.04806;1.05126;True;True;15:30 - 16:00;11:00 - 11:30;0.8;0.4;0.5;-0.5;-0.5;0.0;0.5;-0.5;0.5
2023-10-03;1.04857;1.04494;1.04835;1.04545;1.04699;1.04662;False;1.04826;1.04482;1.04802;1.04499;1.04713;10:40:00;14:40:00;False;True;False;False;False;False;True;;;;No breakout;False;True;False;1.04662;1.04662;;;;;False;False;No breakout;No breakout;0.5;0.4;0.9;0.0;0.6;0.4;0.4;;
2023-10-04;1.05176;1.0483;1.05168;1.04845;1.05154;1.04845;False;1.05218;1.04845;1.05201;1.04845;1.05153;12:30:00;11:55:00;True;False;True;False;True;True;True;2023-10-04 11:45:00-04:00;;11:45:00;11:30 - 12:00;True;True;False;1.05179;1.04845;12:30:00;12:00:00;1.05218;1.05136;True;True;12:30 - 13:00;12:00 - 12:30;0.9;0.0;1.1;0.0;0.9;0.0;1.0;1.1;0.8
2023-10-05;1.05332;1.05125;1.05277;1.05151;1.05276;1.05277;True;1.05516;1.0517;1.05509;1.05185;1.05495;14:55:00;15:55:00;True;False;True;False;True;True;True;2023-10-05 11:35:00-04:00;;11:35:00;11:30 - 12:00;True;True;True;1.05325;1.0517;14:55:00;11:50:00;1.05516;1.05239;True;True;14:30 - 15:00;11:30 - 12:00;0.7;0.7;1.8;0.2;1.7;0.2;0.9;1.8;0.5
2023-10-06;1.05344;1.05012;1.05334;1.05031;1.05109;1.05334;True;1.06;1.05334;1.05984;1.05334;1.05897;11:40:00;14:35:00;True;False;True;False;True;True;True;2023-10-06 10:30:00-04:00;;10:30:00;10:30 - 11:00;True;True;True;1.05334;1.05334;11:40:00;10:55:00;1.06;1.05359;False;False;11:30 - 12:00;10:30 - 11:00;0.2;0.9;2.9;0.9;2.6;0.9;0.9;2.9;1.0
2023-10-09;1.05577;1.05437;1.05534;1.05453;1.05464;1.05481;True;1.05702;1.05345;1.05694;1.05353;1.05691;15:20:00;15:25:00;True;True;True;True;True;False;False;2023-10-09 13:40:00-04:00;2023-10-09 10:45:00-04:00;10:45:00;10:30 - 11:00;False;False;False;1.05514;1.0541;12:55:00;11:10:00;1.05345;1.05529;True;True;12:30 - 13:00;11:00 - 11:30;0.1;0.3;1.8;-0.6;1.8;-0.1;0.5;-0.6;0.6
2023-10-10;1.06064;1.05855;1.06045;1.05879;1.05919;1.0603;True;1.06197;1.05889;1.06183;1.05904;1.06047;12:00:00;12:10:00;True;False;True;False;True;True;True;2023-10-10 11:30:00-04:00;;11:30:00;11:30 - 12:00;True;True;False;1.06067;1.05889;12:00:00;11:35:00;1.06197;1.06046;True;False;12:00 - 12:30;11:30 - 12:00;0.3;0.8;1.6;0.1;0.9;0.1;1.0;1.6;0.9
2023-10-11;1.06347;1.06112;1.06316;1.06121;1.06182;1.06243;True;1.06294;1.05845;1.0628;1.05858;1.06124;10:40:00;10:40:00;False;True;False;True;True;True;True;;2023-10-11 12:00:00-04:00;12:00:00;12:00 - 12:30;False;True;False;1.06294;1.06101;13:45:00;12:10:00;1.05845;1.06128;True;True;13:30 - 14:00;12:00 - 12:30;0.2;0.5;0.7;-1.1;0.0;0.0;0.7;-1.1;0.0
2023-10-12;1.05734;1.05471;1.05723;1.05495;1.05723;1.05525;False;1.05609;1.05256;1.05595;1.05267;1.05308;12:05:00;12:15:00;False;True;False;True;True;True;True;;2023-10-12 11:45:00-04:00;11:45:00;11:30 - 12:00;False;True;True;1.05601;1.05443;14:55:00;12:05:00;1.05256;1.05609;True;True;14:30 - 15:00;12:00 - 12:30;0.9;0.2;0.5;-0.8;-0.6;-0.1;0.4;-0.8;0.5
2023-10-13;1.05299;1.05036;1.05267;1.05044;1.05212;1.05077;False;1.05157;1.04953;1.05152;1.04969;1.05138;15:30:00;15:55:00;False;True;False;True;True;True;True;;2023-10-13 10:50:00-04:00;10:50:00;10:30 - 11:00;False;True;False;1.05145;1.05037;11:00:00;11:00:00;1.04953;1.05046;True;True;11:00 - 11:30;11:00 - 11:30;0.6;0.1;0.4;-0.3;0.3;0.0;0.4;-0.3;0.0
2023-10-16;1.05403;1.05255;1.05393;1.05272;1.05379;1.05393;True;1.05627;1.05387;1.05626;1.05393;1.05626;15:55:00;15:55:00;True;False;True;False;True;True;True;2023-10-16 10:30:00-04:00;;10:30:00;10:30 - 11:00;True;True;True;1.05393;1.05393;15:55:00;11:45:00;1.05627;1.05392;True;True;15:30 - 16:00;11:30 - 12:00;0.8;0.9;2.5;0.8;2.5;0.9;0.9;2.5;0.9
2023-10-17;1.05871;1.05449;1.05805;1.05457;1.05496;1.05801;True;1.05948;1.0564;1.05934;1.05652;1.0577;12:00:00;12:10:00;True;False;True;False;True;True;True;2023-10-17 11:15:00-04:00;;11:15:00;11:00 - 11:30;True;True;False;1.05866;1.05716;12:00:00;11:25:00;1.05948;1.05796;True;True;12:00 - 12:30;11:00 - 11:30;0.1;0.8;1.1;0.4;0.7;0.6;0.9;1.1;0.8
2023-10-18;1.05604;1.0542;1.05582;1.05421;1.0553;1.05421;False;1.05537;1.0523;1.05514;1.0524;1.05353;13:15:00;13:25:00;False;True;False;True;True;True;True;;2023-10-18 10:30:00-04:00;10:30:00;10:30 - 11:00;False;True;True;1.05421;1.05421;12:15:00;11:00:00;1.0523;1.05426;True;True;12:00 - 12:30;11:00 - 11:30;0.5;0.0;0.6;-1.0;-0.3;0.0;0.0;-1.0;0.0
2023-10-19;1.05815;1.05661;1.05768;1.05675;1.05675;1.05705;True;1.06164;1.05563;1.06051;1.05658;1.05882;12:00:00;14:15:00;True;True;True;True;True;False;False;2023-10-19 12:00:00-04:00;2023-10-19 12:40:00-04:00;12:00:00;12:00 - 12:30;True;False;True;1.05784;1.05653;12:20:00;12:10:00;1.06096;1.05899;False;False;12:00 - 12:30;12:00 - 12:30;0.0;0.2;3.2;-0.6;1.4;0.0;0.7;2.8;1.5
2023-10-20;1.05948;1.05721;1.05934;1.05746;1.05835;1.05826;False;1.06037;1.05812;1.06015;1.05826;1.05921;13:15:00;13:20:00;True;False;True;False;True;True;True;2023-10-20 10:35:00-04:00;;10:35:00;10:30 - 11:00;True;True;False;1.05936;1.05824;13:15:00;12:15:00;1.06037;1.05812;True;True;13:00 - 13:30;12:00 - 12:30;0.5;0.4;1.3;0.4;0.8;0.4;0.9;1.3;0.4
2023-10-23;1.06318;1.0591;1.06307;1.05911;1.06007;1.06263;True;1.06779;1.06176;1.06764;1.06196;1.06656;14:40:00;14:55:00;True;False;True;False;True;True;True;2023-10-23 11:10:00-04:00;;11:10:00;11:00 - 11:30;True;True;True;1.06321;1.06176;14:40:00;11:15:00;1.06779;1.06333;False;False;14:30 - 15:00;11:00 - 11:30;0.2;0.8;2.1;0.6;1.8;0.6;1.0;2.1;1.0
2023-10-24;1.06247;1.05962;1.06227;1.05992;1.06185;1.0613;False;1.06139;1.05829;1.0613;1.05831;1.05919;10:30:00;10:30:00;False;True;False;True;True;True;True;;2023-10-24 10:35:00-04:00;10:35:00;10:30 - 11:00;False;True;True;1.06139;1.06004;11:30:00;10:55:00;1.05829;1.05999;True;True;11:30 - 12:00;10:30 - 11:00;0.7;0.5;0.6;-0.4;-0.1;0.1;0.6;-0.4;0.1
2023-10-25;1.05812;1.05669;1.05808;1.05714;1.0572;1.05775;True;1.05956;1.05656;1.05935;1.05661;1.05677;11:45:00;11:40:00;True;True;True;True;True;False;False;2023-10-25 10:30:00-04:00;2023-10-25 13:30:00-04:00;10:30:00;10:30 - 11:00;True;False;False;1.05775;1.05775;11:45:00;10:55:00;1.05956;1.05809;True;False;11:30 - 12:00;10:30 - 11:00;0.3;0.7;2.0;0.0;0.0;0.7;0.7;2.0;0.9
2023-10-26;1.0558;1.05332;1.05563;1.05337;1.0548;1.05406;False;1.05647;1.05249;1.05634;1.05252;1.05565;14:40:00;14:45:00;True;True;True;True;True;False;False;2023-10-26 14:30:00-04:00;2023-10-26 11:20:00-04:00;11:20:00;11:00 - 11:30;False;False;False;1.0545;1.05309;12:10:00;11:55:00;1.05249;1.05377;True;True;12:00 - 12:30;11:30 - 12:00;0.5;0.2;1.2;-0.3;0.9;0.0;0.4;-0.3;0.1
2023-10-27;1.0595;1.05702;1.0593;1.05793;1.05793;1.05815;True;1.0597;1.05573;1.05947;1.05575;1.05705;11:40:00;11:40:00;True;True;False;True;True;True;False;;2023-10-27 10:40:00-04:00;10:40:00;10:30 - 11:00;False;True;False;1.05815;1.05716;13:45:00;11:40:00;1.05573;1.0597;True;True;13:30 - 14:00;11:30 - 12:00;0.3;0.4;1.0;-0.5;0.0;0.0;0.4;-0.5;1.0
2023-10-30;1.06187;1.05941;1.06137;1.05966;1.06008;1.05966;False;1.06253;1.05908;1.06247;1.05933;1.06168;11:20:00;11:25:00;True;True;True;True;True;False;False;2023-10-30 11:10:00-04:00;2023-10-30 10:35:00-04:00;10:35:00;10:30 - 11:00;False;False;False;1.0597;1.05908;10:40:00;10:40:00;1.05933;1.06007;True;True;10:30 - 11:00;10:30 - 11:00;0.2;0.1;1.2;-0.1;0.9;-0.1;0.1;0.0;0.2
2023-10-31;1.06157;1.05945;1.0613;1.05961;1.06069;1.06073;True;1.06139;1.05574;1.06073;1.05591;1.05806;10:30:00;10:30:00;False;True;False;True;True;True;True;;2023-10-31 11:05:00-04:00;11:05:00;11:00 - 11:30;False;True;True;1.06139;1.05949;12:40:00;11:15:00;1.05574;1.05949;True;False;12:30 - 13:00;11:00 - 11:30;0.5;0.6;0.9;-1.7;-0.6;0.0;0.9;-1.7;0.0
2023-11-01;1.05628;1.05215;1.05591;1.05228;1.05239;1.05591;True;1.05708;1.05165;1.05673;1.0525;1.05673;10:45:00;15:55:00;True;True;True;False;True;True;False;2023-11-01 10:30:00-04:00;;10:30:00;10:30 - 11:00;True;True;True;1.05591;1.05591;10:45:00;10:35:00;1.05708;1.05612;True;False;10:30 - 11:00;10:30 - 11:00;0.0;0.9;1.1;-0.1;1.1;0.9;0.9;1.1;0.9
2023-11-02;1.06598;1.06307;1.06593;1.06316;1.06552;1.06316;False;1.06433;1.06104;1.06425;1.06129;1.06231;10:55:00;10:55:00;False;True;False;True;True;True;True;;2023-11-02 11:20:00-04:00;11:20:00;11:00 - 11:30;False;True;True;1.06433;1.06272;12:40:00;11:40:00;1.06104;1.06292;False;False;12:30 - 13:00;11:30 - 12:00;0.8;0.0;0.4;-0.6;-0.2;-0.1;0.4;-0.6;0.0
2023-11-03;1.07353;1.06935;1.0719;1.0699;1.07081;1.0699;False;1.07467;1.06982;1.07452;1.0699;1.07247;13:05:00;13:05:00;True;False;True;False;True;True;True;2023-11-03 12:15:00-04:00;;12:15:00;12:00 - 12:30;True;True;False;1.07354;1.06982;13:05:00;12:55:00;1.07467;1.07331;True;False;13:00 - 13:30;12:30 - 13:00;0.3;0.1;1.2;0.1;0.7;0.1;1.0;1.2;0.9
2023-11-06;1.07459;1.0726;1.07446;1.07263;1.07413;1.07337;False;1.07493;1.07192;1.07466;1.07197;1.07197;11:05:00;11:05:00;True;True;True;True;True;False;False;2023-11-06 11:05:00-05:00;2023-11-06 14:10:00-05:00;11:05:00;11:00 - 11:30;True;False;False;1.07459;1.07292;11:40:00;11:20:00;1.07483;1.074;True;True;11:30 - 12:00;11:00 - 11:30;0.7;0.3;1.1;-0.3;-0.3;0.1;1.0;1.1;0.7
2023-11-07;1.06852;1.0664;1.06839;1.06661;1.067;1.06839;True;1.07048;1.06725;1.07029;1.06747;1.06947;14:30:00;14:30:00;True;False;True;False;True;True;True;2023-11-07 10:45:00-05:00;;10:45:00;10:30 - 11:00;True;True;True;1.06874;1.06793;14:30:00;12:30:00;1.07048;1.06725;True;True;14:30 - 15:00;12:30 - 13:00;0.2;0.9;1.9;0.4;1.4;0.7;1.1;1.9;0.4
2023-11-08;1.06927;1.06721;1.06927;1.06742;1.06742;1.06927;True;1.0716;1.06852;1.07144;1.06875;1.07097;11:55:00;11:55:00;True;False;True;False;True;True;True;2023-11-08 10:30:00-05:00;;10:30:00;10:30 - 11:00;True;True;True;1.06927;1.06927;11:55:00;10:40:00;1.0716;1.06852;True;True;11:30 - 12:00;10:30 - 11:00;0.1;1.0;2.1;0.6;1.8;1.0;1.0;2.1;0.6
2023-11-09;1.07255;1.07011;1.07241;1.07023;1.07041;1.07091;True;1.07182;1.06601;1.07155;1.06616;1.06637;10:35:00;11:00:00;False;True;False;True;True;True;True;;2023-11-09 12:40:00-05:00;12:40:00;12:30 - 13:00;False;True;True;1.07182;1.07019;14:40:00;13:00:00;1.06601;1.07056;True;True;14:30 - 15:00;13:00 - 13:30;0.1;0.3;0.7;-1.6;-1.5;0.0;0.7;-1.6;0.1
2023-11-10;1.06848;1.06623;1.06835;1.06657;1.06827;1.06676;False;1.06875;1.0663;1.06867;1.06659;1.06851;15:40:00;14:20:00;True;False;True;False;True;True;True;2023-11-10 14:05:00-05:00;;14:05:00;14:00 - 14:30;True;True;True;1.06844;1.0663;15:40:00;15:00:00;1.06875;1.0677;True;True;15:30 - 16:00;15:00 - 15:30;0.9;0.2;1.1;0.0;1.0;0.0;0.9;1.1;0.6
2023-11-13;1.0689;1.0668;1.06874;1.06693;1.06751;1.06832;True;1.07062;1.06747;1.07052;1.06761;1.06992;12:25:00;14:45:00;True;False;True;False;True;True;True;2023-11-13 10:50:00-05:00;;10:50:00;10:30 - 11:00;True;True;True;1.06872;1.06747;12:25:00;11:05:00;1.07062;1.06852;True;True;12:00 - 12:30;11:00 - 11:30;0.3;0.7;1.8;0.3;1.4;0.3;0.9;1.8;0.8
2023-11-14;1.08415;1.08132;1.0838;1.08135;1.08135;1.0838;True;1.08874;1.08254;1.08865;1.08265;1.08826;15:40:00;15:35:00;True;False;True;False;True;True;True;2023-11-14 11:00:00-05:00;;11:00:00;11:00 - 11:30;True;True;True;1.08423;1.08254;15:40:00;11:05:00;1.08874;1.0839;True;False;15:30 - 16:00;11:00 - 11:30;0.0;0.8;2.6;0.4;2.4;0.4;1.0;2.6;0.9
2023-11-15;1.08542;1.08315;1.08511;1.0836;1.08481;1.08438;False;1.08687;1.0841;1.08664;1.08419;1.0843;11:00:00;11:00:00;True;False;True;False;True;True;True;2023-11-15 10:45:00-05:00;;10:45:00;10:30 - 11:00;True;True;False;1.08537;1.08417;11:00:00;10:50:00;1.08687;1.08562;False;False;11:00 - 11:30;10:30 - 11:00;0.7;0.5;1.6;0.4;0.5;0.4;0.9;1.6;1.0
2023-11-16;1.08949;1.08619;1.08908;1.08625;1.08625;1.08908;True;1.08956;1.08447;1.08908;1.08451;1.08463;10:30:00;10:30:00;True;True;False;True;True;True;False;;2023-11-16 11:20:00-05:00;11:20:00;11:00 - 11:30;False;True;True;1.08956;1.08675;15:45:00;13:05:00;1.08447;1.08657;True;True;15:30 - 16:00;13:00 - 13:30;0.0;0.8;1.0;-0.5;-0.4;0.1;1.0;-0.5;0.1
2023-11-17;1.08798;1.08586;1.08796;1.08601;1.08692;1.08796;True;1.09091;1.08747;1.09084;1.08756;1.09084;15:55:00;15:55:00;True;False;True;False;True;True;True;2023-11-17 10:30:00-05:00;;10:30:00;10:30 - 11:00;True;True;True;1.08796;1.08796;15:55:00;11:40:00;1.09091;1.08747;True;True;15:30 - 16:00;11:30 - 12:00;0.5;0.9;2.3;0.7;2.3;0.9;0.9;2.3;0.7
2023-11-20;1.09458;1.09219;1.09426;1.09219;1.09219;1.09297;True;1.09518;1.09284;1.09512;1.09297;1.09419;13:00:00;13:20:00;True;False;True;False;True;True;True;2023-11-20 12:00:00-05:00;;12:00:00;12:00 - 12:30;True;True;False;1.0945;1.09284;13:00:00;12:50:00;1.09518;1.09352;True;True;13:00 - 13:30;12:30 - 13:00;0.0;0.3;1.2;0.2;0.8;0.2;0.9;1.2;0.5
2023-11-21;1.09591;1.09383;1.09555;1.09415;1.09555;1.09415;False;1.09465;1.08999;1.09445;1.09009;1.09117;10:40:00;10:45:00;False;True;False;True;True;True;True;;2023-11-21 10:50:00-05:00;10:50:00;10:30 - 11:00;False;True;True;1.09465;1.09376;14:05:00;11:10:00;1.08999;1.09437;True;True;14:00 - 14:30;11:00 - 11:30;0.8;0.1;0.3;-1.8;-1.2;0.0;0.3;-1.8;0.2
2023-11-22;1.08878;1.08522;1.08845;1.08538;1.08763;1.08613;False;1.08882;1.08554;1.08875;1.08565;1.08875;15:55:00;15:55:00;True;False;False;False;False;False;True;;;;No breakout;False;True;False;1.08613;1.08613;;;;;False;False;No breakout;No breakout;0.6;0.2;1.0;0.0;0.9;0.2;0.2;;
2023-11-23;1.0909;1.08917;1.09079;1.08918;1.08918;1.09079;True;1.09105;1.09024;1.09096;1.09028;1.09056;10:30:00;10:55:00;True;False;True;False;True;True;True;2023-11-23 10:50:00-05:00;;10:50:00;10:30 - 11:00;True;True;False;1.09105;1.09043;10:55:00;10:55:00;1.091;1.09087;True;False;10:30 - 11:00;10:30 - 11:00;0.0;0.9;1.0;0.6;0.8;0.7;1.0;1.0;0.9
2023-11-24;1.09452;1.09202;1.09437;1.09203;1.09203;1.09377;True;1.09487;1.09282;1.09485;1.09301;1.0943;13:40:00;13:45:00;True;False;True;False;True;True;True;2023-11-24 13:25:00-05:00;;13:25:00;13:00 - 13:30;True;True;False;1.09444;1.09282;13:40:00;13:30:00;1.09487;1.09452;False;False;13:30 - 14:00;13:30 - 14:00;0.0;0.6;1.1;0.3;0.9;0.3;0.9;1.1;1.0
2023-11-27;1.09385;1.09248;1.09376;1.09283;1.09305;1.09376;True;1.09575;1.09277;1.09572;1.09293;1.09568;15:40:00;15:50:00;True;False;True;False;True;True;True;2023-11-27 13:05:00-05:00;;13:05:00;13:00 - 13:30;True;True;True;1.09417;1.09277;15:40:00;13:20:00;1.09575;1.09361;True;True;15:30 - 16:00;13:00 - 13:30;0.4;0.9;2.3;0.2;2.3;0.2;1.2;2.3;0.8
2023-11-28;1.09881;1.09684;1.09862;1.09706;1.09786;1.09708;False;1.10089;1.09678;1.10075;1.09708;1.09883;12:00:00;12:15:00;True;True;True;False;True;True;False;2023-11-28 10:35:00-05:00;;10:35:00;10:30 - 11:00;True;True;True;1.09775;1.09702;12:00:00;11:00:00;1.10089;1.09775;True;True;12:00 - 12:30;11:00 - 11:30;0.5;0.1;2.0;0.0;1.0;0.0;0.4;2.0;0.4
2023-11-29;1.09909;1.096;1.09904;1.09611;1.09802;1.09639;False;1.09948;1.09602;1.0993;1.09609;1.09725;14:10:00;14:10:00;True;False;True;False;True;True;True;2023-11-29 14:05:00-05:00;;14:05:00;14:00 - 14:30;True;True;False;1.09884;1.09602;14:10:00;14:10:00;1.09948;1.09915;False;False;14:00 - 14:30;14:00 - 14:30;0.6;0.1;1.1;0.0;0.4;0.0;0.9;1.1;1.0
2023-11-30;1.09182;1.08919;1.09169;1.08972;1.09166;1.09035;False;1.0917;1.08792;1.09156;1.08796;1.08849;11:10:00;11:50:00;False;True;False;True;True;True;True;;2023-11-30 12:55:00-05:00;12:55:00;12:30 - 13:00;False;True;True;1.0917;1.08913;15:25:00;13:25:00;1.08792;1.09;True;True;15:00 - 15:30;13:00 - 13:30;0.9;0.4;0.9;-0.4;-0.2;0.0;0.9;-0.4;0.3
2023-12-01;1.08688;1.08413;1.08667;1.08438;1.08648;1.08492;False;1.08929;1.08286;1.08926;1.08371;1.08794;13:45:00;14:25:00;True;True;True;True;True;False;False;2023-12-01 11:30:00-05:00;2023-12-01 10:40:00-05:00;10:40:00;10:30 - 11:00;False;False;False;1.08492;1.084;11:00:00;11:00:00;1.08286;1.08466;True;True;11:00 - 11:30;11:00 - 11:30;0.8;0.2;1.8;-0.4;1.3;0.0;0.2;-0.4;0.1
2023-12-04;1.08434;1.08123;1.08392;1.08167;1.08221;1.08167;False;1.08354;1.08039;1.08341;1.08068;1.08341;15:50:00;15:50:00;False;True;False;True;True;True;True;;2023-12-04 10:30:00-05:00;10:30:00;10:30 - 11:00;False;True;False;1.08167;1.08167;10:40:00;10:35:00;1.08039;1.08131;True;False;10:30 - 11:00;10:30 - 11:00;0.3;0.1;0.7;-0.2;0.7;0.1;0.1;-0.2;0.0
2023-12-05;1.08388;1.08012;1.08356;1.0808;1.08166;1.08208;True;1.08243;1.07781;1.08208;1.07806;1.07951;10:35:00;10:30:00;False;True;False;True;True;True;True;;2023-12-05 11:15:00-05:00;11:15:00;11:00 - 11:30;False;True;True;1.08243;1.07986;13:40:00;12:35:00;1.07781;1.07975;False;False;13:30 - 14:00;12:30 - 13:00;0.4;0.5;0.6;-0.6;-0.1;0.0;0.6;-0.6;0.0
2023-12-06;1.08024;1.07853;1.0802;1.07867;1.0802;1.0788;False;1.08002;1.07586;1.07966;1.07587;1.07622;11:10:00;11:10:00;False;True;False;True;True;True;True;;2023-12-06 11:30:00-05:00;11:30:00;11:30 - 12:00;False;True;True;1.08002;1.07851;15:35:00;12:15:00;1.07586;1.07917;True;True;15:30 - 16:00;12:00 - 12:30;0.9;0.1;0.8;-1.5;-1.3;0.0;0.8;-1.5;0.3
2023-12-07;1.07866;1.0767;1.07856;1.07689;1.07798;1.07856;True;1.08177;1.07802;1.08144;1.07817;1.07954;12:50:00;12:55:00;True;False;True;False;True;True;True;2023-12-07 10:35:00-05:00;;10:35:00;10:30 - 11:00;True;True;True;1.07889;1.07833;12:50:00;10:55:00;1.08177;1.07802;True;True;12:30 - 13:00;10:30 - 11:00;0.6;0.9;2.5;0.6;1.4;0.8;1.1;2.5;0.6
2023-12-08;1.07857;1.07375;1.07819;1.0739;1.0739;1.07815;True;1.07829;1.07401;1.07815;1.07411;1.07637;10:30:00;10:30:00;False;False;False;False;False;False;False;;;;No breakout;False;True;False;1.07815;1.07815;;;;;False;False;No breakout;No breakout;0.0;0.9;0.9;0.0;0.5;0.9;0.9;;
2023-12-11;1.076;1.07437;1.07587;1.07444;1.07477;1.0746;False;1.07697;1.07415;1.07693;1.07435;1.07648;14:10:00;14:10:00;True;True;True;True;True;False;False;2023-12-11 13:35:00-05:00;2023-12-11 11:05:00-05:00;11:05:00;11:00 - 11:30;False;False;False;1.07516;1.07417;11:30:00;11:30:00;1.07415;1.07491;True;True;11:30 - 12:00;11:30 - 12:00;0.2;0.1;1.5;-0.1;1.2;-0.1;0.4;-0.1;0.3
2023-12-12;1.07898;1.0767;1.07874;1.07687;1.07837;1.07874;True;1.07987;1.07792;1.07976;1.07832;1.07974;13:00:00;15:30:00;True;False;True;False;True;True;True;2023-12-12 11:05:00-05:00;;11:05:00;11:00 - 11:30;True;True;True;1.07899;1.07792;13:00:00;12:05:00;1.07987;1.07839;True;True;13:00 - 13:30;12:00 - 12:30;0.7;0.8;1.3;0.5;1.3;0.5;1.0;1.3;0.7
2023-12-13;1.07985;1.07826;1.0798;1.07844;1.0798;1.07886;False;1.08966;1.078;1.08952;1.07806;1.08813;15:05:00;15:00:00;True;True;True;True;True;False;False;2023-12-13 14:00:00-05:00;2023-12-13 13:00:00-05:00;13:00:00;13:00 - 13:30;False;False;False;1.07968;1.0783;13:05:00;13:05:00;1.078;1.07817;False;False;13:00 - 13:30;13:00 - 13:30;0.9;0.3;7.1;-0.1;6.2;0.0;0.8;-0.1;0.0
2023-12-14;1.09972;1.09499;1.09917;1.09509;1.09509;1.09785;True;1.10093;1.09681;1.10062;1.09711;1.09929;12:55:00;12:40:00;True;False;True;False;True;True;True;2023-12-14 11:05:00-05:00;;11:05:00;11:00 - 11:30;True;True;False;1.0996;1.09681;12:55:00;12:05:00;1.10093;1.09891;True;True;12:30 - 13:00;12:00 - 12:30;0.0;0.6;1.2;0.3;0.9;0.3;0.9;1.2;0.8
2023-12-15;1.09251;1.09098;1.09205;1.09134;1.09191;1.09171;False;1.09207;1.08884;1.09182;1.08906;1.0894;10:30:00;11:30:00;False;True;False;True;True;True;True;;2023-12-15 10:40:00-05:00;10:40:00;10:30 - 11:00;False;True;True;1.09207;1.09118;13:55:00;10:55:00;1.08884;1.09192;True;True;13:30 - 14:00;10:30 - 11:00;0.6;0.4;0.7;-1.3;-1.0;0.1;0.7;-1.3;0.6
2023-12-18;1.09312;1.09153;1.09298;1.09184;1.09298;1.09262;False;1.09279;1.09108;1.09276;1.09126;1.09194;13:00:00;12:50:00;False;True;False;True;True;True;True;;2023-12-18 10:40:00-05:00;10:40:00;10:30 - 11:00;False;True;False;1.09263;1.09158;10:45:00;10:45:00;1.09112;1.09171;True;False;10:30 - 11:00;10:30 - 11:00;0.9;0.6;0.7;-0.2;0.2;0.0;0.6;-0.2;0.1
2023-12-19;1.09842;1.09624;1.0984;1.09638;1.09672;1.09797;True;1.09874;1.09693;1.09862;1.09699;1.09784;10:50:00;10:55:00;True;False;True;False;True;True;True;2023-12-19 10:50:00-05:00;;10:50:00;10:30 - 11:00;True;True;False;1.0984;1.09719;10:55:00;10:55:00;1.09871;1.09848;False;False;10:30 - 11:00;10:30 - 11:00;0.2;0.7;1.1;0.3;0.7;0.4;0.9;1.1;1.0
2023-12-20;1.09722;1.09534;1.09699;1.0957;1.09638;1.09579;False;1.09756;1.0931;1.0974;1.09314;1.09314;11:00:00;11:10:00;True;True;True;True;True;False;False;2023-12-20 10:40:00-05:00;2023-12-20 12:10:00-05:00;10:40:00;10:30 - 11:00;True;False;False;1.09733;1.09578;11:00:00;10:50:00;1.09756;1.09641;True;True;11:00 - 11:30;10:30 - 11:00;0.5;0.2;1.1;-1.1;-1.1;0.2;1.0;1.1;0.5
2023-12-21;1.10013;1.09753;1.09993;1.09761;1.09931;1.09836;False;1.10031;1.09779;1.10031;1.0979;1.10031;15:55:00;15:55:00;True;False;True;False;True;True;True;2023-12-21 15:30:00-05:00;;15:30:00;15:30 - 16:00;True;True;True;1.10027;1.09779;15:55:00;15:40:00;1.10031;1.09979;True;True;15:30 - 16:00;15:30 - 16:00;0.6;0.3;1.0;0.1;1.0;0.1;1.0;1.0;0.8
2023-12-22;1.10401;1.10245;1.10389;1.10249;1.10287;1.10249;False;1.1028;1.1;1.10267;1.10022;1.10124;10:35:00;10:30:00;False;True;False;True;True;True;True;;2023-12-22 10:35:00-05:00;10:35:00;10:30 - 11:00;False;True;True;1.10277;1.10233;12:10:00;10:40:00;1.1;1.1024;False;False;12:00 - 12:30;10:30 - 11:00;0.2;0.0;0.2;-1.5;-0.7;0.0;0.2;-1.5;0.0
2023-12-26;1.10324;1.10206;1.10319;1.10223;1.10226;1.10291;True;1.10451;1.10232;1.10446;1.10247;1.10425;15:00:00;15:00:00;True;False;True;False;True;True;True;2023-12-26 11:25:00-05:00;;11:25:00;11:00 - 11:30;True;True;True;1.10332;1.10232;15:00:00;12:00:00;1.10451;1.103;True;True;15:00 - 15:30;12:00 - 12:30;0.1;0.7;2.0;0.2;1.8;0.2;1.0;2.0;0.7
2023-12-27;1.11092;1.10758;1.11089;1.1077;1.10772;1.11089;True;1.11227;1.10988;1.11206;1.11003;1.11064;11:20:00;11:20:00;True;False;True;False;True;True;True;2023-12-27 10:30:00-05:00;;10:30:00;10:30 - 11:00;True;True;False;1.11089;1.11089;11:20:00;11:00:00;1.11227;1.11023;True;True;11:00 - 11:30;11:00 - 11:30;0.0;0.9;1.4;0.6;0.9;0.9;0.9;1.4;0.7
2023-12-28;1.11127;1.10875;1.11122;1.10882;1.109;1.11122;True;1.11133;1.10552;1.11122;1.10569;1.10654;10:40:00;10:40:00;True;True;False;True;True;True;False;;2023-12-28 11:15:00-05:00;11:15:00;11:00 - 11:30;False;True;True;1.11133;1.10889;13:25:00;11:35:00;1.10552;1.10829;False;False;13:00 - 13:30;11:30 - 12:00;0.0;0.9;1.0;-1.2;-0.8;0.0;1.0;-1.2;-0.1
2023-12-29;1.10763;1.1051;1.1075;1.10546;1.10558;1.10748;True;1.10785;1.1038;1.10748;1.10392;1.10411;10:30:00;10:30:00;True;True;False;True;True;True;False;;2023-12-29 10:55:00-05:00;10:55:00;10:30 - 11:00;False;True;True;1.10785;1.10513;14:55:00;12:55:00;1.1038;1.10666;True;True;14:30 - 15:00;12:30 - 13:00;0.1;0.9;1.0;-0.5;-0.3;0.0;1.0;-0.5;0.6
2024-01-02;1.09681;1.09512;1.09631;1.0952;1.0952;1.09594;True;1.09617;1.09408;1.09602;1.0943;1.0943;11:25:00;11:25:00;False;True;False;True;True;True;True;;2024-01-02 10:45:00-05:00;10:45:00;10:30 - 11:00;False;True;True;1.09595;1.09497;11:00:00;10:50:00;1.09408;1.09522;True;True;11:00 - 11:30;10:30 - 11:00;0.0;0.4;0.6;-0.6;-0.4;0.0;0.4;-0.6;0.0
2024-01-03;1.09386;1.09097;1.09346;1.09143;1.09154;1.09153;False;1.09257;1.08926;1.09229;1.08957;1.09211;14:30:00;14:45:00;False;True;False;True;True;True;True;;2024-01-03 10:35:00-05:00;10:35:00;10:30 - 11:00;False;True;False;1.09188;1.09086;14:10:00;11:20:00;1.08926;1.09182;True;True;14:00 - 14:30;11:00 - 11:30;0.1;0.1;0.5;-0.5;0.3;0.0;0.3;-0.5;0.2
2024-01-04;1.09651;1.09381;1.09645;1.09416;1.09428;1.09645;True;1.09652;1.09419;1.09645;1.09438;1.09492;10:45:00;10:30:00;True;False;False;False;False;False;True;;;;No breakout;False;True;False;1.09645;1.09645;;;;;False;False;No breakout;No breakout;0.1;0.9;1.0;0.1;0.4;0.9;0.9;;
2024-01-05;1.09984;1.09361;1.09919;1.094;1.09455;1.09814;True;1.09938;1.09352;1.09893;1.09358;1.09392;10:40:00;10:40:00;False;True;False;True;True;True;True;;2024-01-05 13:15:00-05:00;13:15:00;13:00 - 13:30;False;True;False;1.09938;1.09375;15:40:00;14:10:00;1.09357;1.09597;True;True;15:30 - 16:00;14:00 - 14:30;0.1;0.7;0.9;0.0;0.0;0.0;0.9;0.0;0.3
2024-01-08;1.09718;1.09535;1.09692;1.09555;1.09555;1.09692;True;1.09788;1.09488;1.09777;1.09505;1.09547;11:10:00;12:00:00;True;True;True;True;True;False;False;2024-01-08 10:45:00-05:00;2024-01-08 13:35:00-05:00;10:45:00;10:30 - 11:00;True;False;False;1.09717;1.09645;11:10:00;10:55:00;1.09788;1.0968;True;True;11:00 - 11:30;10:30 - 11:00;0.1;0.8;1.3;-0.2;0.0;0.6;0.9;1.3;0.7
2024-01-09;1.09513;1.0935;1.0948;1.0937;1.09424;1.0937;False;1.09396;1.09101;1.09388;1.09115;1.09279;13:00:00;12:45:00;False;True;False;True;True;True;True;;2024-01-09 10:35:00-05:00;10:35:00;10:30 - 11:00;False;True;True;1.09373;1.09323;11:05:00;10:40:00;1.09101;1.09347;False;False;11:00 - 11:30;10:30 - 11:00;0.4;0.1;0.2;-1.5;-0.4;-0.1;0.1;-1.5;0.0
2024-01-10;1.09487;1.0932;1.09473;1.09329;1.09381;1.09473;True;1.09727;1.0947;1.09714;1.09473;1.09655;15:05:00;15:05:00;True;False;True;False;True;True;True;2024-01-10 10:30:00-05:00;;10:30:00;10:30 - 11:00;True;True;True;1.09473;1.09473;15:05:00;11:35:00;1.09727;1.09523;False;False;15:00 - 15:30;11:30 - 12:00;0.3;0.9;2.4;0.8;2.0;0.9;0.9;2.4;1.2
2024-01-11;1.09737;1.09302;1.09646;1.09308;1.09576;1.09473;False;1.09829;1.09363;1.09819;1.09408;1.09715;14:55:00;14:55:00;True;False;True;False;True;True;True;2024-01-11 14:10:00-05:00;;14:10:00;14:00 - 14:30;True;True;False;1.09711;1.09363;14:55:00;14:20:00;1.09829;1.09687;True;False;14:30 - 15:00;14:00 - 14:30;0.6;0.3;1.2;0.1;0.9;0.1;0.9;1.2;0.8
2024-01-12;1.09868;1.09679;1.09854;1.09679;1.09679;1.09793;True;1.09829;1.0947;1.09811;1.09483;1.09514;10:30:00;10:30:00;False;True;False;True;True;True;True;;2024-01-12 10:45:00-05:00;10:45:00;10:30 - 11:00;False;True;True;1.09829;1.09711;12:45:00;11:05:00;1.0947;1.09738;True;True;12:30 - 13:00;11:00 - 11:30;0.0;0.6;0.7;-1.1;-0.8;0.1;0.7;-1.1;0.3
2024-01-15;1.09466;1.09382;1.09452;1.09406;1.09417;1.09452;True;1.09536;1.09381;1.0953;1.09385;1.09516;14:00:00;14:25:00;True;True;True;False;True;True;False;2024-01-15 10:50:00-05:00;;10:50:00;10:30 - 11:00;True;True;True;1.09453;1.09381;14:00:00;12:10:00;1.09536;1.09462;True;False;14:00 - 14:30;12:00 - 12:30;0.4;0.8;1.8;0.0;1.5;0.0;0.8;1.8;0.9
2024-01-16;1.08879;1.08656;1.08851;1.08705;1.08846;1.08851;True;1.08946;1.08617;1.08945;1.08631;1.08715;11:20:00;11:25:00;True;True;True;True;True;False;False;2024-01-16 11:20:00-05:00;2024-01-16 12:50:00-05:00;11:20:00;11:00 - 11:30;True;False;False;1.08912;1.08617;11:25:00;11:25:00;1.08945;1.08873;True;False;11:00 - 11:30;11:00 - 11:30;0.8;0.8;1.3;-0.1;0.2;-0.1;1.1;1.2;0.9
2024-01-17;1.08708;1.08465;1.08665;1.08488;1.08645;1.0856;False;1.0882;1.08444;1.08809;1.08455;1.08809;15:55:00;15:55:00;True;True;True;True;True;False;False;2024-01-17 14:15:00-05:00;2024-01-17 10:50:00-05:00;10:50:00;10:30 - 11:00;False;False;False;1.08638;1.08516;10:55:00;10:55:00;1.08448;1.08499;True;True;10:30 - 11:00;10:30 - 11:00;0.7;0.3;1.4;0.0;1.4;0.2;0.7;0.0;0.1
2024-01-18;1.08683;1.08492;1.08641;1.08505;1.08641;1.08606;False;1.08701;1.08466;1.0869;1.08513;1.0869;11:30:00;11:30:00;True;True;True;False;True;True;False;2024-01-18 11:30:00-05:00;;11:30:00;11:30 - 12:00;True;True;True;1.08681;1.08466;11:35:00;11:35:00;1.08694;1.0866;True;False;11:30 - 12:00;11:30 - 12:00;0.7;0.5;1.0;-0.1;1.0;-0.1;0.9;1.0;0.8
2024-01-19;1.08897;1.08657;1.08823;1.08682;1.08736;1.08779;True;1.08963;1.08724;1.08953;1.08748;1.0895;13:20:00;15:55:00;True;False;True;False;True;True;True;2024-01-19 12:25:00-05:00;;12:25:00;12:00 - 12:30;True;True;True;1.08879;1.08724;13:20:00;12:50:00;1.08963;1.08843;True;False;13:00 - 13:30;12:30 - 13:00;0.3;0.5;1.2;0.2;1.2;0.2;0.9;1.2;0.7
2024-01-22;1.08981;1.08852;1.08957;1.08884;1.08913;1.08948;True;1.09;1.08803;1.08994;1.08804;1.08841;12:30:00;12:45:00;True;True;True;True;True;False;False;2024-01-22 12:30:00-05:00;2024-01-22 10:55:00-05:00;10:55:00;10:30 - 11:00;False;False;True;1.08951;1.08843;14:20:00;12:30:00;1.08803;1.09;True;True;14:00 - 14:30;12:30 - 13:00;0.4;0.7;1.1;-0.3;0.0;0.0;0.7;-0.3;1.1
2024-01-23;1.0865;1.08349;1.08646;1.08384;1.08646;1.08384;False;1.08501;1.08215;1.08497;1.08234;1.08497;15:55:00;15:15:00;False;True;False;True;True;True;True;;2024-01-23 10:30:00-05:00;10:30:00;10:30 - 11:00;False;True;False;1.08384;1.08384;10:40:00;10:35:00;1.08215;1.08344;False;False;10:30 - 11:00;10:30 - 11:00;0.9;0.1;0.5;-0.4;0.4;0.1;0.1;-0.4;0.0
2024-01-24;1.09323;1.08957;1.09314;1.08988;1.09314;1.09064;False;1.09087;1.08791;1.09064;1.088;1.088;12:55:00;12:55:00;False;True;False;True;True;True;True;;2024-01-24 10:50:00-05:00;10:50:00;10:30 - 11:00;False;True;True;1.09064;1.08955;15:55:00;12:55:00;1.08791;1.09087;True;True;15:30 - 16:00;12:30 - 13:00;0.9;0.2;0.3;-0.4;-0.4;0.0;0.2;-0.4;0.3
2024-01-25;1.08675;1.08374;1.08675;1.08428;1.08675;1.0844;False;1.08519;1.08215;1.08511;1.08236;1.08399;12:15:00;12:20:00;False;True;False;True;True;True;True;;2024-01-25 10:35:00-05:00;10:35:00;10:30 - 11:00;False;True;False;1.08456;1.08366;14:20:00;12:15:00;1.08215;1.08519;True;True;14:00 - 14:30;12:00 - 12:30;1.0;0.2;0.4;-0.5;0.0;0.0;0.2;-0.5;0.4
2024-01-26;1.08741;1.0855;1.08738;1.08561;1.08641;1.08571;False;1.08705;1.08531;1.08693;1.08544;1.08544;12:20:00;12:15:00;False;True;False;True;True;True;True;;2024-01-26 15:50:00-05:00;15:50:00;15:30 - 16:00;False;True;True;1.08705;1.08538;15:55:00;15:55:00;1.08531;1.08554;True;False;15:30 - 16:00;15:30 - 16:00;0.4;0.1;0.8;0.0;0.0;0.0;0.8;0.0;0.0
2024-01-29;1.08106;1.07981;1.08098;1.07991;1.08091;1.08014;False;1.08405;1.07958;1.0838;1.0797;1.08311;15:15:00;15:25:00;True;True;True;True;True;False;False;2024-01-29 12:10:00-05:00;2024-01-29 10:45:00-05:00;10:45:00;10:30 - 11:00;False;False;False;1.08054;1.07996;11:00:00;11:00:00;1.07958;1.08024;True;True;11:00 - 11:30;11:00 - 11:30;0.8;0.2;3.3;-0.1;2.6;0.1;0.5;-0.1;0.3
2024-01-30;1.08574;1.08279;1.08555;1.08322;1.08501;1.0838;False;1.08486;1.08315;1.0847;1.08317;1.08446;15:00:00;15:00:00;False;False;False;False;False;False;False;;;;No breakout;False;True;False;1.0838;1.0838;;;;;False;False;No breakout;No breakout;0.7;0.3;0.7;0.1;0.5;0.3;0.3;;
2024-01-31;1.08875;1.08627;1.08799;1.0864;1.08653;1.0864;False;1.08678;1.07947;1.0864;1.07977;1.08076;11:00:00;10:30:00;False;True;False;True;True;True;True;;2024-01-31 10:35:00-05:00;10:35:00;10:30 - 11:00;False;True;True;1.08668;1.08603;15:30:00;11:00:00;1.07947;1.08678;True;True;15:30 - 16:00;11:00 - 11:30;0.1;0.0;0.2;-2.7;-2.2;0.0;0.1;-2.7;0.2
2024-02-01;1.08317;1.08065;1.08313;1.08159;1.08159;1.08313;True;1.08748;1.0824;1.08745;1.08261;1.08715;15:00:00;14:10:00;True;False;True;False;True;True;True;2024-02-01 11:00:00-05:00;;11:00:00;11:00 - 11:30;True;True;True;1.08318;1.0824;15:00:00;11:05:00;1.08748;1.0832;False;False;15:00 - 15:30;11:00 - 11:30;0.3;0.9;2.7;0.6;2.5;0.6;1.0;2.7;1.0
2024-02-02;1.08168;1.07839;1.08106;1.07844;1.07994;1.07844;False;1.08044;1.07804;1.08025;1.07813;1.0793;10:45:00;11:05:00;False;True;False;True;True;True;True;;2024-02-02 11:50:00-05:00;11:50:00;11:30 - 12:00;False;True;False;1.08044;1.0783;13:15:00;12:15:00;1.07804;1.07926;True;True;13:00 - 13:30;12:00 - 12:30;0.4;0.0;0.6;-0.1;0.2;0.0;0.6;-0.1;0.2
2024-02-05;1.07443;1.07253;1.0742;1.07273;1.07418;1.07367;False;1.07466;1.07231;1.07464;1.07247;1.07427;13:45:00;14:30:00;True;True;True;True;True;False;False;2024-02-05 13:35:00-05:00;2024-02-05 10:50:00-05:00;10:50:00;10:30 - 11:00;False;False;False;1.07381;1.07231;10:55:00;10:55:00;1.07238;1.07263;True;False;10:30 - 11:00;10:30 - 11:00;0.8;0.5;1.1;-0.1;0.9;-0.1;0.6;0.0;0.0
2024-02-06;1.0748;1.073;1.07469;1.07305;1.07326;1.07421;True;1.07573;1.07391;1.07566;1.07391;1.07566;15:55:00;15:55:00;True;False;True;False;True;True;True;2024-02-06 11:25:00-05:00;;11:25:00;11:00 - 11:30;True;True;True;1.07484;1.07391;15:55:00;13:20:00;1.07573;1.07435;True;True;15:30 - 16:00;13:00 - 13:30;0.1;0.6;1.5;0.5;1.4;0.5;1.0;1.5;0.7
2024-02-07;1.07776;1.07643;1.0775;1.07656;1.0769;1.07737;True;1.07799;1.07556;1.07774;1.07566;1.07727;10:40:00;14:40:00;True;True;False;True;True;True;False;;2024-02-07 10:50:00-05:00;10:50:00;10:30 - 11:00;False;True;False;1.07799;1.07694;10:55:00;10:55:00;1.07556;1.07629;False;False;10:30 - 11:00;10:30 - 11:00;0.3;0.7;1.1;-0.6;0.6;0.3;1.1;-0.6;-0.1
2024-02-08;1.07676;1.07512;1.07648;1.07537;1.07537;1.076;True;1.07828;1.07529;1.07804;1.07543;1.07778;13:00:00;13:20:00;True;False;True;False;True;True;True;2024-02-08 11:50:00-05:00;;11:50:00;11:30 - 12:00;True;True;True;1.07679;1.07529;13:00:00;11:55:00;1.07828;1.07688;False;False;13:00 - 13:30;11:30 - 12:00;0.1;0.5;1.9;0.1;1.6;0.1;1.0;1.9;1.0
2024-02-09;1.07899;1.07764;1.07881;1.07771;1.07771;1.07856;True;1.07908;1.07791;1.07906;1.07796;1.07862;13:30:00;13:35:00;True;False;True;False;True;True;True;2024-02-09 13:30:00-05:00;;13:30:00;13:30 - 14:00;True;True;False;1.07902;1.07791;13:35:00;13:35:00;1.07906;1.07885;True;False;13:30 - 14:00;13:30 - 14:00;0.0;0.6;1.0;0.2;0.7;0.2;1.0;1.0;0.8
2024-02-12;1.07741;1.07558;1.07729;1.07591;1.07684;1.07591;False;1.07861;1.07583;1.07852;1.07591;1.07741;13:20:00;13:10:00;True;False;True;False;True;True;True;2024-02-12 11:25:00-05:00;;11:25:00;11:00 - 11:30;True;True;False;1.07737;1.07583;13:20:00;11:55:00;1.07861;1.07714;True;True;13:00 - 13:30;11:30 - 12:00;0.6;0.1;1.6;0.1;1.0;0.1;0.9;1.6;0.8
2024-02-13;1.07247;1.07058;1.07225;1.07077;1.07195;1.07225;True;1.07268;1.07004;1.07265;1.0701;1.07072;10:35:00;10:30:00;True;True;True;True;True;False;False;2024-02-13 10:30:00-05:00;2024-02-13 14:00:00-05:00;10:30:00;10:30 - 11:00;True;False;False;1.07225;1.07225;10:35:00;10:35:00;1.07268;1.07208;True;True;10:30 - 11:00;10:30 - 11:00;0.7;0.8;1.1;-0.2;0.0;0.8;0.8;1.1;0.7
2024-02-14;1.07247;1.07126;1.0724;1.07128;1.07128;1.07219;True;1.07344;1.0717;1.07338;1.07201;1.07276;11:55:00;11:55:00;True;False;True;False;True;True;True;2024-02-14 11:05:00-05:00;;11:05:00;11:00 - 11:30;True;True;True;1.07254;1.0717;11:55:00;11:10:00;1.07344;1.07243;True;False;11:30 - 12:00;11:00 - 11:30;0.0;0.7;1.8;0.3;1.2;0.3;1.0;1.8;0.9
2024-02-15;1.07848;1.07689;1.07836;1.07692;1.07692;1.07764;True;1.07788;1.07551;1.07764;1.07557;1.07715;10:30:00;10:30:00;False;True;False;True;True;True;True;;2024-02-15 10:40:00-05:00;10:40:00;10:30 - 11:00;False;True;False;1.07788;1.07682;11:30:00;10:45:00;1.07551;1.07682;False;False;11:30 - 12:00;10:30 - 11:00;0.0;0.4;0.6;-0.8;0.1;0.0;0.6;-0.8;0.0
2024-02-16;1.07718;1.07468;1.0769;1.0748;1.07501;1.07675;True;1.07874;1.07626;1.07861;1.07642;1.07763;14:00:00;14:10:00;True;False;True;False;True;True;True;2024-02-16 10:40:00-05:00;;10:40:00;10:30 - 11:00;True;True;True;1.07715;1.07646;14:00:00;12:20:00;1.07874;1.07626;True;True;14:00 - 14:30;12:00 - 12:30;0.1;0.8;1.6;0.6;1.1;0.7;0.9;1.6;0.6
2024-02-19;1.07677;1.07619;1.07671;1.07627;1.07671;1.07648;False;1.07837;1.07627;1.07827;1.07643;1.07794;13:15:00;13:20:00;True;False;True;False;True;True;True;2024-02-19 11:20:00-05:00;;11:20:00;11:00 - 11:30;True;True;True;1.07686;1.07627;13:15:00;11:25:00;1.07837;1.07675;True;False;13:00 - 13:30;11:00 - 11:30;0.8;0.5;3.7;0.1;3.0;0.1;1.1;3.7;0.9
2024-02-20;1.08387;1.08202;1.08371;1.08215;1.08301;1.08256;False;1.08258;1.08043;1.08256;1.08052;1.08104;10:30:00;10:30:00;False;True;False;True;True;True;True;;2024-02-20 10:30:00-05:00;10:30:00;10:30 - 11:00;False;True;True;1.08256;1.08256;15:00:00;11:00:00;1.08043;1.08247;True;True;15:00 - 15:30;11:00 - 11:30;0.5;0.2;0.3;-0.8;-0.5;0.2;0.2;-0.8;0.2
2024-02-21;1.08199;1.08061;1.08181;1.08071;1.08094;1.08134;True;1.08244;1.07999;1.08199;1.08017;1.08172;14:00:00;15:40:00;True;True;False;True;True;True;False;;2024-02-21 10:55:00-05:00;10:55:00;10:30 - 11:00;False;True;False;1.08152;1.08064;13:00:00;11:45:00;1.07999;1.08189;True;True;13:00 - 13:30;11:30 - 12:00;0.2;0.5;1.3;-0.4;0.8;0.0;0.6;-0.4;0.9
2024-02-22;1.08204;1.08027;1.08179;1.0805;1.08129;1.08121;False;1.08262;1.08088;1.08257;1.08102;1.08217;13:45:00;13:45:00;True;False;True;False;True;True;True;2024-02-22 12:25:00-05:00;;12:25:00;12:00 - 12:30;True;True;True;1.08194;1.08088;13:45:00;13:20:00;1.08262;1.08144;True;True;13:30 - 14:00;13:00 - 13:30;0.5;0.5;1.3;0.3;1.0;0.3;0.9;1.3;0.6
2024-02-23;1.08368;1.08158;1.0836;1.0819;1.08327;1.08197;False;1.08296;1.08118;1.0829;1.08141;1.08223;13:30:00;13:50:00;False;True;False;True;True;True;True;;2024-02-23 10:45:00-05:00;10:45:00;10:30 - 11:00;False;True;False;1.08222;1.08168;10:50:00;10:50:00;1.08139;1.08203;True;True;10:30 - 11:00;10:30 - 11:00;0.8;0.1;0.6;-0.1;0.3;0.0;0.3;0.0;0.2
2024-02-26;1.08546;1.08386;1.0853;1.0839;1.085;1.08457;False;1.08555;1.08397;1.0854;1.08399;1.08507;11:55:00;11:55:00;True;False;False;False;False;False;True;;;;No breakout;False;True;False;1.08457;1.08457;;;;;False;False;No breakout;No breakout;0.7;0.4;1.0;0.0;0.7;0.4;0.4;;
2024-02-27;1.08465;1.08357;1.08429;1.08371;1.08413;1.08391;False;1.08578;1.08329;1.08571;1.08334;1.08442;11:50:00;11:50:00;True;True;True;True;True;False;False;2024-02-27 10:50:00-05:00;2024-02-27 10:35:00-05:00;10:35:00;10:30 - 11:00;False;False;False;1.08393;1.08356;10:40:00;10:40:00;1.08334;1.08372;True;True;10:30 - 11:00;10:30 - 11:00;0.5;0.3;2.0;-0.2;0.7;0.0;0.3;-0.2;0.1
2024-02-28;1.08377;1.08226;1.08367;1.08239;1.08293;1.08364;True;1.08458;1.08277;1.08447;1.08295;1.08381;12:05:00;12:05:00;True;False;True;False;True;True;True;2024-02-28 11:40:00-05:00;;11:40:00;11:30 - 12:00;True;True;True;1.08367;1.08277;12:05:00;11:50:00;1.08458;1.08371;True;False;12:00 - 12:30;11:30 - 12:00;0.4;0.9;1.5;0.3;1.0;0.3;0.9;1.5;0.9
2024-02-29;1.08558;1.08367;1.08516;1.08394;1.0843;1.08436;True;1.08442;1.07958;1.08436;1.07964;1.08083;10:30:00;10:30:00;False;True;False;True;True;True;True;;2024-02-29 10:40:00-05:00;10:40:00;10:30 - 11:00;False;True;True;1.08442;1.08352;12:35:00;10:45:00;1.07958;1.08329;False;False;12:30 - 13:00;10:30 - 11:00;0.3;0.3;0.3;-2.1;-1.4;0.0;0.3;-2.1;-0.1
2024-03-01;1.08408;1.0798;1.08394;1.07998;1.08134;1.08394;True;1.08432;1.08234;1.08422;1.08249;1.08374;14:30:00;14:30:00;True;False;True;False;True;True;True;2024-03-01 13:40:00-05:00;;13:40:00;13:30 - 14:00;True;True;False;1.08416;1.08234;14:30:00;13:50:00;1.08432;1.08372;True;True;14:30 - 15:00;13:30 - 14:00;0.3;0.9;1.0;0.5;0.9;0.5;1.0;1.0;0.9
2024-03-04;1.08633;1.08494;1.08628;1.08504;1.08504;1.086;True;1.08667;1.08553;1.08664;1.08554;1.08558;11:05:00;11:10:00;True;False;True;False;True;True;True;2024-03-04 11:05:00-05:00;;11:05:00;11:00 - 11:30;True;True;False;1.08641;1.08579;11:10:00;11:10:00;1.08667;1.08638;False;False;11:00 - 11:30;11:00 - 11:30;0.0;0.7;1.2;0.4;0.4;0.6;1.0;1.2;1.0
2024-03-05;1.08761;1.08401;1.08728;1.08449;1.085;1.08668;True;1.08747;1.0849;1.08738;1.08497;1.08577;10:45:00;10:45:00;False;False;False;False;False;False;False;;;;No breakout;False;True;False;1.08668;1.08668;;;;;False;False;No breakout;No breakout;0.2;0.7;0.9;0.2;0.4;0.7;0.7;;
2024-03-06;1.0892;1.08812;1.08903;1.08819;1.0885;1.08903;True;1.09154;1.08858;1.09143;1.08903;1.08989;12:05:00;11:55:00;True;False;True;False;True;True;True;2024-03-06 10:30:00-05:00;;10:30:00;10:30 - 11:00;True;True;True;1.08903;1.08903;12:05:00;10:35:00;1.09154;1.08889;True;True;12:00 - 12:30;10:30 - 11:00;0.3;0.8;3.1;0.4;1.6;0.8;0.8;3.1;0.7
2024-03-07;1.09194;1.08957;1.09172;1.09003;1.0901;1.09108;True;1.09492;1.09102;1.09486;1.09108;1.09469;15:40:00;15:35:00;True;False;True;False;True;True;True;2024-03-07 10:35:00-05:00;;10:35:00;10:30 - 11:00;True;True;True;1.09178;1.09102;15:40:00;10:55:00;1.09492;1.09228;False;False;15:30 - 16:00;10:30 - 11:00;0.2;0.6;2.2;0.6;2.1;0.6;0.9;2.2;1.1
2024-03-08;1.09629;1.09434;1.09616;1.0944;1.0956;1.0952;False;1.09618;1.09333;1.09608;1.09341;1.09361;10:55:00;10:55:00;False;True;False;True;True;True;True;;2024-03-08 11:25:00-05:00;11:25:00;11:00 - 11:30;False;True;True;1.09618;1.09453;13:40:00;11:40:00;1.09333;1.09469;True;True;13:30 - 14:00;11:30 - 12:00;0.6;0.4;0.9;-0.5;-0.3;0.0;0.9;-0.5;0.1
2024-03-11;1.09286;1.09157;1.09278;1.09164;1.09268;1.09216;False;1.09302;1.09145;1.09297;1.09152;1.09262;13:00:00;13:15:00;True;True;True;True;True;False;False;2024-03-11 13:00:00-04:00;2024-03-11 11:40:00-04:00;11:40:00;11:30 - 12:00;False;False;False;1.09249;1.09152;11:45:00;11:45:00;1.09145;1.09212;True;True;11:30 - 12:00;11:30 - 12:00;0.8;0.4;1.1;0.0;0.8;0.0;0.7;0.0;0.4
2024-03-12;1.09165;1.09022;1.0915;1.09031;1.0915;1.09144;False;1.0926;1.09074;1.09258;1.09099;1.09258;15:55:00;15:55:00;True;False;True;False;True;True;True;2024-03-12 10:50:00-04:00;;10:50:00;10:30 - 11:00;True;True;True;1.09157;1.09093;15:55:00;11:25:00;1.0926;1.09074;True;True;15:30 - 16:00;11:00 - 11:30;0.8;0.8;1.6;0.3;1.6;0.4;0.9;1.6;0.3
2024-03-13;1.0942;1.09313;1.09405;1.09329;1.09376;1.09385;True;1.09638;1.09364;1.096;1.09378;1.09472;13:10:00;13:40:00;True;False;True;False;True;True;True;2024-03-13 10:40:00-04:00;;10:40:00;10:30 - 11:00;True;True;True;1.09401;1.09364;13:10:00;11:45:00;1.09638;1.09378;True;True;13:00 - 13:30;11:30 - 12:00;0.5;0.6;3.0;0.4;1.4;0.4;0.8;3.0;0.6
2024-03-14;1.09207;1.09009;1.09193;1.09011;1.09193;1.09044;False;1.09077;1.08806;1.09064;1.08818;1.0891;10:30:00;10:30:00;False;True;False;True;True;True;True;;2024-03-14 10:45:00-04:00;10:45:00;10:30 - 11:00;False;True;True;1.09077;1.09002;15:40:00;10:50:00;1.08806;1.09025;True;True;15:30 - 16:00;10:30 - 11:00;0.9;0.1;0.3;-1.0;-0.5;0.0;0.3;-1.0;0.0
2024-03-15;1.08944;1.08832;1.08929;1.08844;1.08844;1.0888;True;1.08924;1.08812;1.0891;1.08818;1.08893;10:35:00;15:25:00;False;True;False;True;True;True;True;;2024-03-15 11:45:00-04:00;11:45:00;11:30 - 12:00;False;True;False;1.08924;1.08841;11:50:00;11:50:00;1.08812;1.08875;True;True;11:30 - 12:00;11:30 - 12:00;0.1;0.4;0.8;-0.1;0.5;0.0;0.8;-0.1;0.3
2024-03-18;1.08932;1.08856;1.08926;1.08864;1.089;1.08902;True;1.08903;1.0866;1.08902;1.08671;1.08692;10:30:00;10:50:00;False;True;False;True;True;True;True;;2024-03-18 11:35:00-04:00;11:35:00;11:30 - 12:00;False;True;True;1.08903;1.08843;13:45:00;11:55:00;1.0866;1.08869;True;True;13:30 - 14:00;11:30 - 12:00;0.5;0.6;0.6;-2.5;-2.1;-0.1;0.6;-2.5;0.1
2024-03-19;1.08655;1.08492;1.08637;1.08494;1.08539;1.08625;True;1.08676;1.08533;1.08653;1.08539;1.08648;13:00:00;15:55:00;True;False;False;False;False;False;True;;;;No breakout;False;True;False;1.08625;1.08625;;;;;False;False;No breakout;No breakout;0.2;0.8;1.1;0.2;0.9;0.8;0.8;;
2024-03-20;1.08514;1.08372;1.08506;1.08386;1.08403;1.08491;True;1.09228;1.08473;1.09211;1.08483;1.09209;15:55:00;15:55:00;True;False;True;False;True;True;True;2024-03-20 11:05:00-04:00;;11:05:00;11:00 - 11:30;True;True;True;1.08521;1.08473;15:55:00;11:10:00;1.09228;1.0851;True;False;15:30 - 16:00;11:00 - 11:30;0.2;0.8;6.0;0.7;5.8;0.7;1.0;6.0;0.9
2024-03-21;1.09011;1.08727;1.08995;1.08756;1.08954;1.08756;False;1.08798;1.08554;1.08791;1.08562;1.08568;10:55:00;10:55:00;False;True;False;True;True;True;True;;2024-03-21 11:05:00-04:00;11:05:00;11:00 - 11:30;False;True;True;1.08798;1.08706;15:55:00;11:10:00;1.08554;1.08734;True;False;15:30 - 16:00;11:00 - 11:30;0.7;0.1;0.2;-0.6;-0.5;0.0;0.2;-0.6;0.0
2024-03-22;1.08318;1.0817;1.08295;1.08196;1.08215;1.08196;False;1.08218;1.08017;1.0821;1.08019;1.08056;11:25:00;11:25:00;False;True;False;True;True;True;True;;2024-03-22 10:45:00-04:00;10:45:00;10:30 - 11:00;False;True;True;1.08197;1.08161;15:20:00;11:25:00;1.08017;1.08218;True;True;15:00 - 15:30;11:00 - 11:30;0.3;0.1;0.3;-1.0;-0.7;0.0;0.1;-1.0;0.3
2024-03-25;1.08424;1.08291;1.08418;1.08293;1.08293;1.08413;True;1.08413;1.08315;1.08413;1.08325;1.08391;10:30:00;15:40:00;False;False;False;False;False;False;False;;;;No breakout;False;True;False;1.08413;1.08413;;;;;False;False;No breakout;No breakout;0.0;0.9;0.9;0.1;0.7;0.9;0.9;;
2024-03-26;1.08548;1.08412;1.08538;1.08422;1.08524;1.08422;False;1.08459;1.08242;1.08437;1.08256;1.08285;10:40:00;10:40:00;False;True;False;True;True;True;True;;2024-03-26 10:30:00-04:00;10:30:00;10:30 - 11:00;False;True;True;1.08422;1.08422;12:20:00;10:40:00;1.08242;1.08459;True;True;12:00 - 12:30;10:30 - 11:00;0.8;0.0;0.3;-1.2;-0.9;0.0;0.0;-1.2;0.3
2024-03-27;1.08193;1.08107;1.08174;1.0812;1.08174;1.08156;False;1.08275;1.08137;1.08271;1.08146;1.08271;15:55:00;15:55:00;True;False;True;False;True;True;True;2024-03-27 10:30:00-04:00;;10:30:00;10:30 - 11:00;True;True;True;1.08156;1.08156;15:55:00;11:00:00;1.08275;1.08137;True;True;15:30 - 16:00;11:00 - 11:30;0.7;0.5;1.9;0.3;1.9;0.5;0.5;1.9;0.3
2024-03-28;1.08187;1.08027;1.08139;1.08033;1.08076;1.08047;False;1.08085;1.07846;1.08067;1.07857;1.07879;10:40:00;10:40:00;False;True;False;True;True;True;True;;2024-03-28 10:45:00-04:00;10:45:00;10:30 - 11:00;False;True;True;1.08085;1.08036;15:20:00;11:55:00;1.07846;1.08074;True;True;15:00 - 15:30;11:30 - 12:00;0.3;0.1;0.3;-1.1;-0.9;0.0;0.3;-1.1;0.2
