date;dr_high;dr_low;dr_open;dr_close;greenbox;dr_range;session_high;session_low;session_close;session_high_time;session_low_time;breached_dr_high;breached_dr_low;closed_above_dr_high;closed_below_dr_high;dr_confirmed;dr_true_close;dr_true_wick;up_confirmation;down_confirmation;breakout_time;breakout_window;dr_upday;dr_true;close_outside_dr;pre_conf_max;pre_conf_min;after_conf_max;after_conf_min;max_expansion_time;max_retracement_time;max_expansion_value;max_retracement_value;retrace_into_dr;expansion_window;retracement_window;opening_level;closing_level;session_high_level;session_low_level;session_close_level;pre_conf_min_level;pre_conf_max_level;after_conf_min_level;after_conf_max_level;expansion_level;retracement_level
2023-05-22;16269;16228;16251;16263;True;41;16277;16249;16262;12:00:00;14:50:00;True;False;True;False;True;True;True;2023-05-22 11:55:00-04:00;;11:55:00;11:30 - 12:00;True;True;False;16269.0;16252.0;16277.0;16249.0;12:00:00;12:00:00;16277.0;16271.0;False;12:00 - 12:30;12:00 - 12:30;0.5;0.8;1.1;0.6;0.8;0.6;1.0;0.6;1.1;1.1;1.1
2023-05-23;16222;16192;16200;16208;True;30;16212;16096;16111;10:30:00;10:30:00;False;True;False;True;True;True;True;;2023-05-23 10:50:00-04:00;10:50:00;10:30 - 11:00;False;True;True;16212.0;16195.0;16201.0;16096.0;14:25:00;11:55:00;16096.0;16201.0;True;14:00 - 14:30;11:30 - 12:00;0.2;0.5;0.6;-3.2;-2.7;0.1;0.6;-3.2;0.2;-3.2;0.2
2023-05-24;15914;15836;15914;15854;False;78;15898;15849;15874;14:00:00;15:30:00;False;False;False;False;False;False;False;;;;No breakout;False;True;False;15854.0;15854.0;15874.0;15874.0;;;;;False;No breakout;No breakout;1.0;0.2;0.7;0.2;0.4;0.3;0.2;0.5;0.4;;
2023-05-25;15868;15826;15863;15840;False;42;15892;15805;15869;14:00:00;14:15:00;True;True;True;True;True;False;False;2023-05-25 13:30:00-04:00;2023-05-25 11:35:00-04:00;11:35:00;11:30 - 12:00;False;False;False;15865.0;15823.0;15892.0;15805.0;11:40:00;11:40:00;15805.0;15815.0;False;11:30 - 12:00;11:30 - 12:00;0.8;0.3;1.5;-0.5;1.0;0.0;0.9;-0.5;1.5;-0.5;-0.3
2023-05-26;16002;15912;15914;15996;True;90;16044;15988;16014;15:00:00;12:40:00;True;False;True;False;True;True;True;2023-05-26 10:40:00-04:00;;10:40:00;10:30 - 11:00;True;True;True;16004.0;15988.0;16044.0;16001.0;15:00:00;10:45:00;16044.0;16001.0;True;15:00 - 15:30;10:30 - 11:00;0.0;0.9;1.4;0.9;1.1;0.9;1.0;1.0;1.4;1.4;1.0
2023-05-30;16053;15979;16044;15987;False;74;16003;15909;15941;10:30:00;10:35:00;False;True;False;True;True;True;True;;2023-05-30 10:40:00-04:00;10:40:00;10:30 - 11:00;False;True;True;16003.0;15981.0;15982.0;15909.0;13:55:00;10:50:00;15909.0;15982.0;True;13:30 - 14:00;10:30 - 11:00;0.8;0.1;0.3;-0.9;-0.6;0.1;0.3;-0.9;0.0;-0.9;0.0
2023-05-31;15820;15693;15810;15707;False;127;15762;15650;15729;13:55:00;14:40:00;False;True;False;True;True;True;True;;2023-05-31 10:30:00-04:00;10:30:00;10:30 - 11:00;False;True;False;15707.0;15707.0;15762.0;15650.0;11:15:00;10:45:00;15650.0;15694.0;True;11:00 - 11:30;10:30 - 11:00;0.9;0.1;0.5;-0.3;0.2;0.2;0.1;-0.3;0.5;-0.3;0.0
2023-06-01;15813;15753;15796;15801;True;60;15922;15796;15901;15:05:00;15:05:00;True;False;True;False;True;True;True;2023-06-01 10:35:00-04:00;;10:35:00;10:30 - 11:00;True;True;True;15807.0;15796.0;15922.0;15816.0;15:05:00;10:40:00;15922.0;15816.0;False;15:00 - 15:30;10:30 - 11:00;0.7;0.8;2.8;0.8;2.4;0.8;0.9;1.1;2.8;2.8;1.1
2023-06-02;16051;16012;16026;16043;True;39;16093;16032;16080;11:15:00;15:15:00;True;False;True;False;True;True;True;2023-06-02 10:40:00-04:00;;10:40:00;10:30 - 11:00;True;True;True;16053.0;16032.0;16093.0;16043.0;11:15:00;10:50:00;16093.0;16052.0;False;11:00 - 11:30;10:30 - 11:00;0.3;0.7;2.0;0.6;1.7;0.6;1.0;0.8;2.0;2.0;1.1
2023-06-05;16083;15942;16081;15954;False;141;16004;15938;15964;12:50:00;12:50:00;False;True;False;True;True;True;True;;2023-06-05 14:30:00-04:00;14:30:00;14:30 - 15:00;False;True;False;16004.0;15947.0;15973.0;15939.0;14:35:00;14:35:00;15939.0;15954.0;True;14:30 - 15:00;14:30 - 15:00;0.9;0.0;0.4;0.0;0.1;0.1;0.4;0.0;0.2;0.0;0.0
2023-06-06;16017;15967;15971;16001;True;50;16056;15995;16049;15:55:00;15:55:00;True;False;True;False;True;True;True;2023-06-06 11:00:00-04:00;;11:00:00;11:00 - 11:30;True;True;True;16019.0;15995.0;16056.0;15999.0;15:55:00;11:25:00;16056.0;15999.0;True;15:30 - 16:00;11:00 - 11:30;0.0;0.6;1.7;0.6;1.6;0.6;1.0;0.7;1.7;1.7;0.7
2023-06-07;16038;15970;16012;15980;False;68;15987;15944;15958;10:30:00;11:45:00;False;True;False;True;True;True;True;;2023-06-07 10:30:00-04:00;10:30:00;10:30 - 11:00;False;True;True;15980.0;15980.0;15983.0;15944.0;13:20:00;11:30:00;15944.0;15983.0;True;13:00 - 13:30;11:30 - 12:00;0.6;0.1;0.2;-0.3;-0.2;0.2;0.1;-0.3;0.1;-0.3;0.1
2023-06-08;15992;15949;15978;15988;True;43;16029;15985;16026;15:55:00;15:50:00;True;False;True;False;True;True;True;2023-06-08 10:40:00-04:00;;10:40:00;10:30 - 11:00;True;True;True;16000.0;15985.0;16029.0;15992.0;15:55:00;12:00:00;16029.0;15992.0;False;15:30 - 16:00;12:00 - 12:30;0.6;0.9;1.8;0.9;1.7;0.9;1.1;1.0;1.8;1.8;1.0
2023-06-09;15993;15969;15987;15981;False;24;15989;15946;15962;11:05:00;11:10:00;False;True;False;True;True;True;True;;2023-06-09 10:40:00-04:00;10:40:00;10:30 - 11:00;False;True;True;15986.0;15975.0;15989.0;15946.0;11:30:00;11:05:00;15946.0;15989.0;True;11:30 - 12:00;11:00 - 11:30;0.7;0.5;0.8;-0.9;-0.3;0.3;0.7;-0.9;0.8;-0.9;0.8
2023-06-12;16108;16061;16072;16096;True;47;16152;16082;16151;15:15:00;15:25:00;True;False;True;False;True;True;True;2023-06-12 11:40:00-04:00;;11:40:00;11:30 - 12:00;True;True;True;16112.0;16082.0;16152.0;16108.0;15:15:00;11:45:00;16152.0;16108.0;False;15:00 - 15:30;11:30 - 12:00;0.2;0.7;1.9;0.5;1.9;0.5;1.0;1.0;1.9;1.9;1.0
2023-06-13;16219;16182;16188;16218;True;37;16248;16203;16241;13:45:00;13:45:00;True;False;True;False;True;True;True;2023-06-13 10:35:00-04:00;;10:35:00;10:30 - 11:00;True;True;True;16219.0;16203.0;16248.0;16207.0;13:45:00;11:05:00;16248.0;16207.0;True;13:30 - 14:00;11:00 - 11:30;0.1;0.9;1.7;0.6;1.5;0.6;1.0;0.7;1.7;1.7;0.7
2023-06-14;16321;16287;16294;16313;True;34;16331;16242;16292;11:20:00;11:25:00;True;True;True;True;True;False;False;2023-06-14 10:30:00-04:00;2023-06-14 13:15:00-04:00;10:30:00;10:30 - 11:00;True;False;False;16313.0;16313.0;16331.0;16242.0;11:20:00;10:40:00;16331.0;16312.0;True;11:00 - 11:30;10:30 - 11:00;0.2;0.7;1.2;-1.3;0.1;0.8;0.7;-1.3;1.2;1.2;0.8
2023-06-15;16285;16215;16220;16280;True;70;16338;16260;16304;14:55:00;15:00:00;True;False;True;False;True;True;True;2023-06-15 11:20:00-04:00;;11:20:00;11:00 - 11:30;True;True;True;16289.0;16260.0;16338.0;16273.0;14:55:00;11:45:00;16338.0;16273.0;True;14:30 - 15:00;11:30 - 12:00;0.0;0.9;1.7;0.7;1.2;0.7;1.0;0.9;1.7;1.7;0.9
2023-06-16;16557;16499;16556;16526;False;58;16534;16455;16472;10:55:00;11:15:00;False;True;False;True;True;True;True;;2023-06-16 11:45:00-04:00;11:45:00;11:30 - 12:00;False;True;True;16534.0;16499.0;16519.0;16455.0;15:50:00;13:25:00;16455.0;16519.0;True;15:30 - 16:00;13:00 - 13:30;0.9;0.4;0.6;-0.7;-0.5;0.0;0.6;-0.7;0.3;-0.7;0.3
2023-06-19;16367;16333;16365;16350;False;34;16360;16327;16352;12:20:00;14:05:00;False;True;False;True;True;True;True;;2023-06-19 10:55:00-04:00;10:55:00;10:30 - 11:00;False;True;False;16349.0;16335.0;16360.0;16327.0;11:05:00;11:00:00;16327.0;16334.0;True;11:00 - 11:30;11:00 - 11:30;0.9;0.5;0.7;-0.1;0.5;0.1;0.4;-0.1;0.7;-0.1;0.0
2023-06-20;16309;16247;16292;16251;False;62;16294;16245;16274;13:20:00;13:30:00;False;True;False;False;False;False;True;;;;No breakout;False;True;False;16251.0;16251.0;16274.0;16274.0;;;;;False;No breakout;No breakout;0.7;0.0;0.7;0.0;0.4;0.1;0.0;0.5;0.4;;
2023-06-21;16185;16146;16182;16175;False;39;16192;16137;16141;11:00:00;14:30:00;True;True;True;True;True;False;False;2023-06-21 10:35:00-04:00;2023-06-21 11:10:00-04:00;10:35:00;10:30 - 11:00;True;False;False;16180.0;16169.0;16192.0;16137.0;11:00:00;10:50:00;16192.0;16167.0;True;11:00 - 11:30;10:30 - 11:00;0.9;0.7;1.1;-0.2;-0.2;0.6;0.8;-0.2;1.1;1.1;0.6
2023-06-22;16114;16049;16069;16110;True;65;16137;16084;16113;12:35:00;11:45:00;True;False;True;False;True;True;True;2023-06-22 11:35:00-04:00;;11:35:00;11:30 - 12:00;True;True;False;16115.0;16084.0;16137.0;16088.0;12:35:00;12:05:00;16137.0;16113.0;True;12:30 - 13:00;12:00 - 12:30;0.3;0.9;1.3;0.6;0.9;0.6;1.0;0.6;1.3;1.3;1.0
2023-06-23;15980;15869;15872;15978;True;111;16002;15941;15953;10:45:00;10:40:00;True;False;True;False;True;True;True;2023-06-23 10:30:00-04:00;;10:30:00;10:30 - 11:00;True;True;False;15978.0;15978.0;16002.0;15941.0;10:45:00;10:35:00;16002.0;15986.0;False;10:30 - 11:00;10:30 - 11:00;0.0;0.9;1.1;0.7;0.7;1.0;0.9;0.7;1.1;1.1;1.1
2023-06-26;15988;15933;15934;15941;True;55;15962;15925;15940;13:20:00;14:40:00;False;True;False;True;True;True;True;;2023-06-26 11:25:00-04:00;11:25:00;11:00 - 11:30;False;True;False;15959.0;15925.0;15962.0;15932.0;11:30:00;11:30:00;15932.0;15945.0;True;11:30 - 12:00;11:30 - 12:00;0.0;0.1;0.5;-0.1;0.1;-0.1;0.4;0.0;0.5;0.0;0.2
2023-06-27;15950;15901;15913;15944;True;49;16051;15940;16026;15:05:00;15:05:00;True;False;True;False;True;True;True;2023-06-27 10:30:00-04:00;;10:30:00;10:30 - 11:00;True;True;True;15944.0;15944.0;16051.0;15950.0;15:05:00;10:35:00;16051.0;15950.0;False;15:00 - 15:30;10:30 - 11:00;0.2;0.8;3.0;0.8;2.5;0.9;0.8;1.0;3.0;3.0;1.0
2023-06-28;16121;16074;16078;16110;True;47;16114;16057;16087;10:35:00;10:40:00;False;True;False;True;True;True;True;;2023-06-28 11:05:00-04:00;11:05:00;11:00 - 11:30;False;True;False;16114.0;16069.0;16107.0;16057.0;12:55:00;12:15:00;16057.0;16107.0;True;12:30 - 13:00;12:00 - 12:30;0.0;0.7;0.8;-0.3;0.2;-0.1;0.8;-0.3;0.7;-0.3;0.7
2023-06-29;16083;16040;16059;16053;False;43;16084;16038;16083;15:55:00;12:35:00;True;True;False;False;False;False;False;;;;No breakout;False;True;False;16053.0;16053.0;16083.0;16083.0;;;;;False;No breakout;No breakout;0.4;0.3;1.0;0.0;1.0;0.4;0.3;1.0;1.0;;
2023-06-30;16298;16256;16271;16285;True;42;16308;16244;16308;15:55:00;14:50:00;True;True;True;False;True;True;False;2023-06-30 14:35:00-04:00;;14:35:00;14:30 - 15:00;True;True;True;16298.0;16244.0;16308.0;16290.0;15:55:00;15:50:00;16308.0;16290.0;True;15:30 - 16:00;15:30 - 16:00;0.3;0.6;1.2;-0.2;1.2;-0.2;1.0;0.9;1.2;1.2;0.9
2023-07-03;16232;16208;16225;16218;False;24;16232;16189;16227;15:55:00;15:30:00;False;True;False;True;True;True;True;;2023-07-03 10:55:00-04:00;10:55:00;10:30 - 11:00;False;True;False;16223.0;16206.0;16232.0;16189.0;11:25:00;11:00:00;16189.0;16207.0;False;11:00 - 11:30;11:00 - 11:30;0.7;0.4;1.0;-0.7;0.7;0.0;0.6;-0.7;1.0;-0.7;-0.1
2023-07-04;16169;16146;16154;16152;False;23;16159;16139;16151;10:35:00;14:40:00;False;True;False;False;False;False;True;;;;No breakout;False;True;False;16152.0;16152.0;16151.0;16151.0;;;;;False;No breakout;No breakout;0.3;0.2;0.5;-0.3;0.2;0.3;0.2;0.3;0.2;;
2023-07-05;16056;16015;16052;16040;False;41;16054;16019;16039;10:35:00;10:35:00;False;False;False;False;False;False;False;;;;No breakout;False;True;False;16040.0;16040.0;16039.0;16039.0;;;;;False;No breakout;No breakout;0.9;0.6;0.9;0.1;0.5;0.7;0.6;0.6;0.5;;
2023-07-06;15754;15662;15749;15669;False;92;15678;15600;15656;10:35:00;13:20:00;False;True;False;True;True;True;True;;2023-07-06 10:45:00-04:00;10:45:00;10:30 - 11:00;False;True;True;15678.0;15654.0;15676.0;15600.0;11:10:00;10:50:00;15600.0;15650.0;False;11:00 - 11:30;10:30 - 11:00;0.9;0.0;0.1;-0.6;-0.1;0.0;0.1;-0.6;0.1;-0.6;-0.2
2023-07-07;15724;15671;15705;15705;False;53;15805;15686;15731;13:00:00;13:00:00;True;False;True;False;True;True;True;2023-07-07 12:15:00-04:00;;12:15:00;12:00 - 12:30;True;True;True;15721.0;15686.0;15805.0;15724.0;13:00:00;12:20:00;15805.0;15724.0;False;13:00 - 13:30;12:00 - 12:30;0.6;0.6;2.5;0.3;1.1;0.3;0.9;1.0;2.5;2.5;1.0
2023-07-10;15810;15753;15756;15776;True;57;15795;15743;15795;15:55:00;14:25:00;False;True;False;True;True;True;True;;2023-07-10 11:20:00-04:00;11:20:00;11:00 - 11:30;False;True;False;15782.0;15753.0;15795.0;15743.0;12:15:00;11:35:00;15743.0;15779.0;True;12:00 - 12:30;11:30 - 12:00;0.0;0.4;0.7;-0.1;0.7;0.0;0.5;-0.1;0.7;-0.1;0.4
2023-07-11;15909;15860;15885;15879;False;49;15942;15871;15936;15:55:00;15:50:00;True;False;True;False;True;True;True;2023-07-11 12:10:00-04:00;;12:10:00;12:00 - 12:30;True;True;True;15914.0;15871.0;15942.0;15898.0;15:55:00;12:25:00;15942.0;15898.0;True;15:30 - 16:00;12:00 - 12:30;0.5;0.3;1.6;0.3;1.5;0.3;1.1;0.8;1.6;1.6;0.8
2023-07-12;16139;16055;16095;16134;True;84;16150;16083;16111;10:40:00;10:40:00;True;False;True;False;True;True;True;2023-07-12 10:35:00-04:00;;10:35:00;10:30 - 11:00;True;True;False;16142.0;16130.0;16150.0;16083.0;10:40:00;10:40:00;16150.0;16140.0;False;10:30 - 11:00;10:30 - 11:00;0.4;0.9;1.1;0.4;0.6;0.9;1.0;0.4;1.1;1.1;1.1
2023-07-13;16292;16238;16241;16254;True;54;16277;16235;16262;10:35:00;15:40:00;False;True;False;True;True;True;True;;;;No breakout;False;True;False;16254.0;16254.0;16262.0;16262.0;;;;;False;No breakout;No breakout;0.0;0.2;0.7;0.0;0.4;0.3;0.2;0.5;0.4;;
2023-07-14;16251;16222;16231;16223;False;29;16230;16167;16180;10:30:00;10:30:00;False;True;False;True;True;True;True;;2023-07-14 10:35:00-04:00;10:35:00;10:30 - 11:00;False;True;True;16230.0;16223.0;16218.0;16167.0;15:05:00;10:40:00;16167.0;16218.0;False;15:00 - 15:30;10:30 - 11:00;0.3;0.0;0.2;-1.8;-1.5;0.1;0.2;-1.8;-0.2;-1.8;-0.2
2023-07-17;16177;16124;16125;16169;True;53;16211;16158;16188;15:20:00;15:25:00;True;False;True;False;True;True;True;2023-07-17 11:45:00-04:00;;11:45:00;11:30 - 12:00;True;True;True;16180.0;16158.0;16211.0;16176.0;15:20:00;11:50:00;16211.0;16176.0;True;15:00 - 15:30;11:30 - 12:00;0.0;0.8;1.6;0.7;1.2;0.7;1.0;1.0;1.6;1.6;1.0
2023-07-18;16205;16158;16165;16202;True;47;16254;16193;16247;15:25:00;15:25:00;True;False;True;False;True;True;True;2023-07-18 10:40:00-04:00;;10:40:00;10:30 - 11:00;True;True;True;16203.0;16193.0;16254.0;16205.0;15:25:00;10:45:00;16254.0;16205.0;False;15:00 - 15:30;10:30 - 11:00;0.1;0.9;2.0;0.8;1.8;0.8;0.9;1.0;2.0;2.0;1.0
2023-07-19;16250;16207;16207;16233;True;43;16238;16193;16207;10:30:00;10:30:00;False;True;False;True;True;True;True;;2023-07-19 12:30:00-04:00;12:30:00;12:30 - 13:00;False;True;False;16238.0;16210.0;16219.0;16193.0;14:20:00;13:40:00;16193.0;16213.0;True;14:00 - 14:30;13:30 - 14:00;0.0;0.6;0.7;-0.3;0.0;0.1;0.7;-0.3;0.2;-0.3;0.1
2023-07-20;16301;16251;16256;16258;True;50;16330;16184;16224;12:00:00;11:55:00;True;True;True;True;True;False;False;2023-07-20 11:35:00-04:00;2023-07-20 14:10:00-04:00;11:35:00;11:30 - 12:00;True;False;False;16304.0;16250.0;16330.0;16184.0;12:00:00;12:00:00;16330.0;16295.0;True;12:00 - 12:30;12:00 - 12:30;0.1;0.1;1.5;-1.3;-0.6;0.0;1.0;-1.3;1.5;1.5;0.9
2023-07-21;16268;16216;16249;16239;False;52;16282;16238;16263;13:50:00;13:50:00;True;False;True;False;True;True;True;2023-07-21 11:25:00-04:00;;11:25:00;11:00 - 11:30;True;True;False;16274.0;16238.0;16282.0;16245.0;13:50:00;12:40:00;16282.0;16250.0;True;13:30 - 14:00;12:30 - 13:00;0.6;0.4;1.2;0.5;0.9;0.5;1.1;0.6;1.2;1.2;0.7
2023-07-24;16275;16231;16246;16259;True;44;16298;16256;16274;12:30:00;12:40:00;True;False;True;False;True;True;True;2023-07-24 10:55:00-04:00;;10:55:00;10:30 - 11:00;True;True;False;16275.0;16256.0;16298.0;16262.0;12:30:00;11:05:00;16298.0;16267.0;True;12:30 - 13:00;11:00 - 11:30;0.3;0.6;1.5;0.6;0.9;0.6;1.0;0.8;1.5;1.5;0.9
2023-07-25;16303;16240;16246;16303;True;63;16324;16282;16307;14:35:00;14:35:00;True;False;True;False;True;True;True;2023-07-25 11:30:00-04:00;;11:30:00;11:30 - 12:00;True;True;True;16304.0;16282.0;16324.0;16289.0;14:35:00;11:45:00;16324.0;16289.0;True;14:30 - 15:00;11:30 - 12:00;0.0;1.0;1.3;0.7;1.0;0.7;1.0;0.8;1.3;1.3;0.8
2023-07-26;16205;16091;16093;16195;True;114;16273;16170;16229;14:40:00;14:40:00;True;False;True;False;True;True;True;2023-07-26 11:10:00-04:00;;11:10:00;11:00 - 11:30;True;True;True;16204.0;16170.0;16273.0;16190.0;14:40:00;11:25:00;16273.0;16206.0;False;14:30 - 15:00;11:00 - 11:30;0.0;0.9;1.5;0.7;1.2;0.7;0.9;0.9;1.5;1.5;1.1
2023-07-27;16496;16436;16444;16467;True;60;16533;16385;16411;12:30:00;12:30:00;True;True;True;True;True;False;False;2023-07-27 11:35:00-04:00;2023-07-27 14:25:00-04:00;11:35:00;11:30 - 12:00;True;False;False;16496.0;16454.0;16533.0;16385.0;12:30:00;11:45:00;16533.0;16500.0;False;12:30 - 13:00;11:30 - 12:00;0.1;0.5;1.6;-0.8;-0.5;0.3;1.0;-0.8;1.6;1.6;1.1
2023-07-28;16551;16506;16524;16523;False;45;16576;16513;16546;11:15:00;11:20:00;True;False;True;False;True;True;True;2023-07-28 11:00:00-04:00;;11:00:00;11:00 - 11:30;True;True;False;16549.0;16516.0;16576.0;16513.0;11:15:00;11:05:00;16576.0;16557.0;False;11:00 - 11:30;11:00 - 11:30;0.4;0.3;1.5;0.2;0.8;0.3;0.9;0.2;1.5;1.5;1.2
2023-07-31;16588;16547;16584;16554;False;41;16567;16523;16547;11:15:00;11:10:00;False;True;False;True;True;True;True;;2023-07-31 11:30:00-04:00;11:30:00;11:30 - 12:00;False;True;False;16567.0;16542.0;16550.0;16523.0;13:00:00;11:35:00;16523.0;16548.0;True;13:00 - 13:30;11:30 - 12:00;0.9;0.1;0.4;-0.5;0.0;-0.1;0.4;-0.5;0.0;-0.5;0.0
2023-08-01;16413;16368;16395;16382;False;45;16391;16305;16333;10:40:00;10:45:00;False;True;False;True;True;True;True;;2023-08-01 11:05:00-04:00;11:05:00;11:00 - 11:30;False;True;True;16391.0;16362.0;16369.0;16305.0;11:45:00;11:10:00;16305.0;16369.0;True;11:30 - 12:00;11:00 - 11:30;0.5;0.3;0.5;-1.3;-0.8;-0.1;0.5;-1.3;0.0;-1.3;0.0
2023-08-02;16184;16088;16141;16125;False;96;16136;16047;16070;10:30:00;10:30:00;False;True;False;True;True;True;True;;2023-08-02 10:55:00-04:00;10:55:00;10:30 - 11:00;False;True;True;16136.0;16086.0;16108.0;16047.0;15:25:00;11:35:00;16047.0;16108.0;True;15:00 - 15:30;11:30 - 12:00;0.5;0.3;0.5;-0.4;-0.2;0.0;0.5;-0.4;0.2;-0.4;0.2
2023-08-03;15966;15906;15917;15908;False;60;16015;15906;15971;12:50:00;12:50:00;True;False;True;False;True;True;True;2023-08-03 11:45:00-04:00;;11:45:00;11:30 - 12:00;True;True;True;15974.0;15906.0;16015.0;15961.0;12:50:00;12:00:00;16015.0;15967.0;False;12:30 - 13:00;12:00 - 12:30;0.1;0.0;1.8;0.0;1.0;0.0;1.1;1.0;1.8;1.8;1.1
2023-08-04;15996;15920;15926;15986;True;76;16042;15892;15908;12:40:00;12:45:00;True;True;True;True;True;False;False;2023-08-04 10:30:00-04:00;2023-08-04 15:35:00-04:00;10:30:00;10:30 - 11:00;True;False;False;15986.0;15986.0;16042.0;15892.0;12:40:00;10:40:00;16042.0;15994.0;True;12:30 - 13:00;10:30 - 11:00;0.0;0.8;1.6;-0.3;-0.2;0.9;0.8;-0.3;1.6;1.6;1.0
2023-08-07;16016;15947;15991;16013;True;69;16057;16002;16053;15:55:00;15:55:00;True;False;True;False;True;True;True;2023-08-07 10:45:00-04:00;;10:45:00;10:30 - 11:00;True;True;True;16021.0;16002.0;16057.0;16004.0;15:55:00;11:30:00;16057.0;16004.0;True;15:30 - 16:00;11:30 - 12:00;0.6;0.9;1.5;0.8;1.5;0.8;1.0;0.9;1.5;1.5;0.9
2023-08-08;15855;15795;15841;15837;False;60;15907;15801;15901;15:40:00;15:25:00;True;False;True;False;True;True;True;2023-08-08 13:00:00-04:00;;13:00:00;13:00 - 13:30;True;True;True;15853.0;15801.0;15907.0;15852.0;15:40:00;13:05:00;15907.0;15852.0;True;15:30 - 16:00;13:00 - 13:30;0.7;0.6;1.8;0.1;1.7;0.1;0.9;1.0;1.8;1.8;1.0
2023-08-09;15967;15923;15931;15950;True;44;15993;15891;15939;14:30:00;14:35:00;True;True;True;True;True;False;False;2023-08-09 10:35:00-04:00;2023-08-09 11:10:00-04:00;10:35:00;10:30 - 11:00;True;False;False;15955.0;15948.0;15993.0;15891.0;14:30:00;11:25:00;15993.0;15891.0;True;14:30 - 15:00;11:00 - 11:30;0.1;0.6;1.5;-0.7;0.3;0.6;0.7;-0.7;1.5;1.5;-0.7
2023-08-10;16123;16023;16028;16081;True;100;16102;15972;15998;10:30:00;10:30:00;False;True;False;True;True;True;True;;2023-08-10 11:50:00-04:00;11:50:00;11:30 - 12:00;False;True;True;16102.0;16023.0;16036.0;15972.0;14:00:00;12:05:00;15972.0;16036.0;True;14:00 - 14:30;12:00 - 12:30;0.0;0.5;0.7;-0.5;-0.3;0.0;0.7;-0.5;0.1;-0.5;0.1
2023-08-11;15920;15874;15901;15897;False;46;15921;15876;15911;10:40:00;10:45:00;True;False;False;False;False;False;True;;;;No breakout;False;True;False;15897.0;15897.0;15911.0;15911.0;;;;;False;No breakout;No breakout;0.5;0.5;1.0;0.1;0.8;0.5;0.5;0.9;0.8;;
2023-08-14;15936;15872;15902;15920;True;64;15979;15919;15978;15:55:00;11:50:00;True;False;True;False;True;True;True;2023-08-14 10:35:00-04:00;;10:35:00;10:30 - 11:00;True;True;True;15937.0;15919.0;15979.0;15927.0;15:55:00;11:10:00;15979.0;15927.0;True;15:30 - 16:00;11:00 - 11:30;0.4;0.7;1.6;0.8;1.6;0.8;1.0;0.9;1.6;1.6;0.9
2023-08-15;15864;15792;15851;15796;False;72;15832;15768;15791;11:10:00;12:00:00;False;True;False;True;True;True;True;;2023-08-15 10:30:00-04:00;10:30:00;10:30 - 11:00;False;True;True;15796.0;15796.0;15832.0;15768.0;15:30:00;11:10:00;15768.0;15832.0;True;15:30 - 16:00;11:00 - 11:30;0.8;0.0;0.5;-0.3;-0.1;0.1;0.0;-0.3;0.5;-0.3;0.5
2023-08-16;15858;15803;15804;15831;True;55;15855;15769;15770;11:00:00;11:00:00;False;True;False;True;True;True;True;;2023-08-16 13:05:00-04:00;13:05:00;13:00 - 13:30;False;True;True;15855.0;15800.0;15830.0;15769.0;15:55:00;14:30:00;15769.0;15830.0;True;15:30 - 16:00;14:30 - 15:00;0.0;0.5;0.9;-0.6;-0.6;0.0;0.9;-0.6;0.4;-0.6;0.4
2023-08-17;15789;15713;15776;15743;False;76;15761;15647;15659;10:55:00;10:55:00;False;True;False;True;True;True;True;;2023-08-17 11:45:00-04:00;11:45:00;11:30 - 12:00;False;True;True;15761.0;15708.0;15746.0;15647.0;15:45:00;13:00:00;15647.0;15746.0;True;15:30 - 16:00;13:00 - 13:30;0.8;0.3;0.6;-0.8;-0.8;0.0;0.6;-0.8;0.4;-0.8;0.4
2023-08-18;15565;15511;15518;15534;True;54;15653;15529;15630;15:45:00;15:45:00;True;False;True;False;True;True;True;2023-08-18 10:35:00-04:00;;10:35:00;10:30 - 11:00;True;True;True;15553.0;15529.0;15653.0;15563.0;15:45:00;10:45:00;15653.0;15563.0;True;15:30 - 16:00;10:30 - 11:00;0.1;0.4;2.6;0.4;2.2;0.4;0.7;1.0;2.6;2.6;1.0
2023-08-21;15691;15629;15674;15631;False;62;15715;15621;15697;15:40:00;15:20:00;True;True;True;True;True;False;False;2023-08-21 15:00:00-04:00;2023-08-21 11:40:00-04:00;11:40:00;11:30 - 12:00;False;False;False;15654.0;15623.0;15715.0;15621.0;11:55:00;11:45:00;15621.0;15634.0;True;11:30 - 12:00;11:30 - 12:00;0.7;0.0;1.3;-0.1;1.0;0.0;0.4;-0.1;1.3;-0.1;0.0
2023-08-22;15803;15736;15797;15753;False;67;15759;15714;15733;10:55:00;15:10:00;False;True;False;True;True;True;True;;2023-08-22 11:00:00-04:00;11:00:00;11:00 - 11:30;False;True;True;15759.0;15735.0;15753.0;15714.0;12:15:00;11:35:00;15714.0;15753.0;True;12:00 - 12:30;11:30 - 12:00;0.9;0.2;0.3;-0.3;-0.1;0.0;0.3;-0.3;0.2;-0.3;0.2
2023-08-23;15773;15731;15733;15749;True;42;15796;15736;15783;13:50:00;13:50:00;True;False;True;False;True;True;True;2023-08-23 13:15:00-04:00;;13:15:00;13:00 - 13:30;True;True;True;15776.0;15736.0;15796.0;15769.0;13:50:00;13:20:00;15796.0;15779.0;False;13:30 - 14:00;13:00 - 13:30;0.0;0.4;1.5;0.2;1.2;0.2;1.0;1.0;1.5;1.5;1.2
2023-08-24;15773;15689;15737;15689;False;84;15694;15596;15603;10:40:00;10:30:00;False;True;False;True;True;True;True;;2023-08-24 10:30:00-04:00;10:30:00;10:30 - 11:00;False;True;True;15689.0;15689.0;15694.0;15596.0;15:45:00;10:40:00;15596.0;15694.0;True;15:30 - 16:00;10:30 - 11:00;0.5;0.0;0.0;-1.1;-1.1;0.0;0.0;-1.1;0.0;-1.1;0.0
2023-08-25;15750;15683;15717;15689;False;67;15736;15628;15721;15:25:00;15:25:00;False;True;False;True;True;True;True;;2023-08-25 10:30:00-04:00;10:30:00;10:30 - 11:00;False;True;False;15689.0;15689.0;15736.0;15628.0;11:05:00;10:40:00;15628.0;15695.0;True;11:00 - 11:30;10:30 - 11:00;0.5;0.0;0.7;-0.8;0.5;0.1;0.0;-0.8;0.7;-0.8;0.1
2023-08-28;15841;15808;15812;15830;True;33;15858;15795;15845;13:05:00;13:00:00;True;True;True;True;True;False;False;2023-08-28 12:50:00-04:00;2023-08-28 10:50:00-04:00;10:50:00;10:30 - 11:00;False;False;False;15838.0;15810.0;15858.0;15797.0;10:55:00;10:55:00;15797.0;15824.0;True;10:30 - 11:00;10:30 - 11:00;0.1;0.6;1.5;-0.3;1.1;0.1;0.9;-0.3;1.5;-0.3;0.4
2023-08-29;15952;15868;15879;15946;True;84;15999;15941;15998;15:45:00;15:25:00;True;False;True;False;True;True;True;2023-08-29 10:30:00-04:00;;10:30:00;10:30 - 11:00;True;True;True;15946.0;15946.0;15999.0;15941.0;15:45:00;11:00:00;15999.0;15941.0;True;15:30 - 16:00;11:00 - 11:30;0.1;0.9;1.5;0.9;1.5;1.0;0.9;0.9;1.5;1.5;0.9
2023-08-30;15968;15886;15929;15892;False;82;15943;15891;15932;12:45:00;12:45:00;False;False;False;False;False;False;False;;;;No breakout;False;True;False;15892.0;15892.0;15932.0;15932.0;;;;;False;No breakout;No breakout;0.5;0.0;0.6;0.1;0.5;0.1;0.0;0.6;0.5;;
2023-08-31;16070;16020;16026;16047;True;50;16050;15941;15971;10:35:00;10:35:00;False;True;False;True;True;True;True;;2023-08-31 10:55:00-04:00;10:55:00;10:30 - 11:00;False;True;True;16050.0;16021.0;16022.0;15941.0;12:45:00;11:00:00;15941.0;16022.0;True;12:30 - 13:00;11:00 - 11:30;0.1;0.5;0.5;-1.5;-1.0;0.1;0.5;-1.5;0.0;-1.5;0.0
2023-09-01;15967;15860;15961;15928;False;107;15929;15847;15885;10:35:00;10:35:00;False;True;False;True;True;True;True;;2023-09-01 11:45:00-04:00;11:45:00;11:30 - 12:00;False;True;False;15929.0;15856.0;15888.0;15847.0;11:50:00;11:50:00;15847.0;15855.0;False;11:30 - 12:00;11:30 - 12:00;0.9;0.6;0.6;-0.1;0.2;0.0;0.6;-0.1;0.2;-0.1;-0.1
2023-09-04;15897;15835;15895;15838;False;62;15852;15816;15846;12:55:00;12:35:00;False;True;False;True;True;True;True;;2023-09-04 10:30:00-04:00;10:30:00;10:30 - 11:00;False;True;False;15838.0;15838.0;15852.0;15816.0;10:55:00;10:40:00;15816.0;15845.0;True;10:30 - 11:00;10:30 - 11:00;0.9;0.0;0.2;-0.3;0.1;0.1;0.0;-0.3;0.2;-0.3;0.1
2023-09-05;15859;15780;15853;15812;False;79;15815;15778;15781;11:05:00;11:05:00;False;True;False;False;False;False;True;;;;No breakout;False;True;False;15812.0;15812.0;15781.0;15781.0;;;;;False;No breakout;No breakout;0.9;0.4;0.4;0.0;0.0;0.5;0.4;0.1;0.0;;
2023-09-06;15803;15753;15767;15754;False;50;15780;15716;15750;10:35:00;10:35:00;False;True;False;True;True;True;True;;2023-09-06 12:05:00-04:00;12:05:00;12:00 - 12:30;False;True;True;15780.0;15748.0;15760.0;15716.0;13:00:00;12:10:00;15716.0;15755.0;True;13:00 - 13:30;12:00 - 12:30;0.2;0.0;0.5;-0.7;-0.1;-0.1;0.5;-0.7;0.1;-0.7;0.0
2023-09-07;15776;15699;15740;15713;False;77;15754;15687;15745;15:50:00;15:50:00;False;True;False;True;True;True;True;;2023-09-07 10:30:00-04:00;10:30:00;10:30 - 11:00;False;True;False;15713.0;15713.0;15754.0;15687.0;10:35:00;10:35:00;15687.0;15729.0;True;10:30 - 11:00;10:30 - 11:00;0.5;0.1;0.7;-0.1;0.5;0.2;0.1;-0.1;0.7;-0.1;0.3
2023-09-08;15760;15709;15734;15755;True;51;15766;15720;15748;12:20:00;14:05:00;True;False;True;False;True;True;True;2023-09-08 12:15:00-04:00;;12:15:00;12:00 - 12:30;True;True;False;15762.0;15720.0;15766.0;15733.0;12:20:00;12:20:00;15766.0;15759.0;True;12:00 - 12:30;12:00 - 12:30;0.4;0.9;1.1;0.3;0.7;0.3;1.0;0.5;1.1;1.1;1.0
2023-09-11;15844;15782;15835;15837;True;62;15851;15796;15847;14:55:00;15:05:00;True;False;True;False;True;True;True;2023-09-11 14:10:00-04:00;;14:10:00;14:00 - 14:30;True;True;True;15844.0;15796.0;15851.0;15838.0;14:55:00;14:25:00;15851.0;15840.0;True;14:30 - 15:00;14:00 - 14:30;0.8;0.8;1.1;0.3;1.0;0.3;1.0;1.0;1.1;1.1;1.0
2023-09-12;15767;15713;15717;15728;True;54;15765;15709;15715;13:20:00;13:25:00;False;True;False;True;True;True;True;;2023-09-12 15:20:00-04:00;15:20:00;15:00 - 15:30;False;True;False;15765.0;15715.0;15725.0;15710.0;15:25:00;15:25:00;15710.0;15716.0;True;15:00 - 15:30;15:00 - 15:30;0.0;0.2;0.9;0.0;0.0;0.1;0.9;0.0;0.2;0.0;0.0
2023-09-13;15700;15627;15657;15657;False;73;15689;15609;15637;11:05:00;10:55:00;False;True;False;True;True;True;True;;2023-09-13 14:50:00-04:00;14:50:00;14:30 - 15:00;False;True;False;15689.0;15634.0;15638.0;15609.0;15:15:00;14:55:00;15609.0;15627.0;False;15:00 - 15:30;14:30 - 15:00;0.4;0.4;0.8;-0.2;0.1;0.1;0.8;-0.2;0.1;-0.2;0.0
2023-09-14;15784;15727;15740;15764;True;57;15873;15763;15861;15:05:00;15:05:00;True;False;True;False;True;True;True;2023-09-14 10:45:00-04:00;;10:45:00;10:30 - 11:00;True;True;True;15784.0;15763.0;15873.0;15795.0;15:05:00;10:50:00;15873.0;15795.0;False;15:00 - 15:30;10:30 - 11:00;0.2;0.6;2.5;0.7;2.3;0.7;1.0;1.2;2.5;2.5;1.2
2023-09-15;16096;16057;16072;16077;True;39;16078;16018;16033;10:45:00;10:30:00;False;True;False;True;True;True;True;;2023-09-15 10:50:00-04:00;10:50:00;10:30 - 11:00;False;True;True;16078.0;16058.0;16061.0;16018.0;13:30:00;11:30:00;16018.0;16061.0;True;13:30 - 14:00;11:30 - 12:00;0.3;0.5;0.5;-1.0;-0.7;0.1;0.5;-1.0;0.1;-1.0;0.1
2023-09-18;15930;15858;15914;15870;False;72;15902;15847;15878;12:00:00;12:00:00;False;True;False;True;True;True;True;;2023-09-18 11:05:00-04:00;11:05:00;11:00 - 11:30;False;True;False;15898.0;15860.0;15902.0;15847.0;11:10:00;11:10:00;15847.0;15859.0;True;11:00 - 11:30;11:00 - 11:30;0.7;0.1;0.6;-0.1;0.2;0.1;0.5;-0.1;0.6;-0.1;0.0
2023-09-19;15863;15805;15838;15818;False;58;15859;15783;15839;14:35:00;14:40:00;False;True;False;True;True;True;True;;2023-09-19 10:30:00-04:00;10:30:00;10:30 - 11:00;False;True;False;15818.0;15818.0;15859.0;15783.0;10:40:00;10:35:00;15783.0;15810.0;True;10:30 - 11:00;10:30 - 11:00;0.5;0.2;0.9;-0.3;0.5;0.3;0.2;-0.3;0.9;-0.3;0.0
2023-09-20;15963;15921;15924;15935;True;42;15960;15854;15861;12:55:00;13:05:00;False;True;False;True;True;True;True;;2023-09-20 11:00:00-04:00;11:00:00;11:00 - 11:30;False;True;True;15936.0;15919.0;15960.0;15854.0;15:55:00;12:55:00;15854.0;15960.0;True;15:30 - 16:00;12:30 - 13:00;0.0;0.3;0.9;-1.5;-1.5;0.0;0.3;-1.5;0.9;-1.5;0.9
2023-09-21;15775;15730;15747;15755;True;45;15767;15630;15632;10:40:00;10:40:00;False;True;False;True;True;True;True;;2023-09-21 11:00:00-04:00;11:00:00;11:00 - 11:30;False;True;True;15767.0;15724.0;15735.0;15630.0;15:55:00;11:05:00;15630.0;15735.0;True;15:30 - 16:00;11:00 - 11:30;0.3;0.5;0.8;-2.2;-2.2;-0.1;0.8;-2.2;0.1;-2.2;0.1
2023-09-22;15730;15661;15697;15711;True;69;15735;15641;15644;10:35:00;10:35:00;True;True;True;True;True;False;False;2023-09-22 10:30:00-04:00;2023-09-22 13:35:00-04:00;10:30:00;10:30 - 11:00;True;False;False;15711.0;15711.0;15735.0;15641.0;10:35:00;10:35:00;15735.0;15727.0;True;10:30 - 11:00;10:30 - 11:00;0.5;0.7;1.0;-0.2;-0.3;0.8;0.7;-0.2;1.0;1.0;1.0
2023-09-25;15535;15472;15491;15488;False;63;15572;15467;15566;15:55:00;13:15:00;True;True;True;False;True;True;False;2023-09-25 11:25:00-04:00;;11:25:00;11:00 - 11:30;True;True;True;15535.0;15467.0;15572.0;15534.0;15:55:00;11:30:00;15572.0;15534.0;True;15:30 - 16:00;11:30 - 12:00;0.3;0.2;1.5;0.0;1.4;0.0;1.0;1.0;1.5;1.5;1.0
2023-09-26;15462;15363;15409;15418;True;99;15447;15332;15342;10:45:00;10:45:00;False;True;False;True;True;True;True;;2023-09-26 14:25:00-04:00;14:25:00;14:00 - 14:30;False;True;True;15447.0;15361.0;15364.0;15332.0;15:25:00;14:30:00;15332.0;15364.0;True;15:00 - 15:30;14:30 - 15:00;0.4;0.5;0.8;-0.3;-0.3;0.0;0.8;-0.3;0.0;-0.3;0.0
2023-09-27;15416;15351;15404;15369;False;65;15397;15265;15372;15:10:00;15:05:00;False;True;False;True;True;True;True;;2023-09-27 10:50:00-04:00;10:50:00;10:30 - 11:00;False;True;False;15377.0;15353.0;15397.0;15265.0;13:40:00;11:10:00;15265.0;15359.0;True;13:30 - 14:00;11:00 - 11:30;0.8;0.2;0.7;-1.3;0.3;0.1;0.4;-1.3;0.7;-1.3;0.1
2023-09-28;15407;15339;15352;15391;True;68;15498;15370;15467;12:30:00;12:35:00;True;False;True;False;True;True;True;2023-09-28 10:45:00-04:00;;10:45:00;10:30 - 11:00;True;True;True;15402.0;15370.0;15498.0;15407.0;12:30:00;10:50:00;15498.0;15407.0;False;12:30 - 13:00;10:30 - 11:00;0.1;0.7;2.3;0.5;1.8;0.5;0.9;1.0;2.3;2.3;1.0
2023-09-29;15647;15572;15641;15583;False;75;15592;15458;15479;10:30:00;10:30:00;False;True;False;True;True;True;True;;2023-09-29 10:40:00-04:00;10:40:00;10:30 - 11:00;False;True;True;15592.0;15576.0;15581.0;15458.0;14:30:00;10:50:00;15458.0;15581.0;True;14:30 - 15:00;10:30 - 11:00;0.9;0.1;0.2;-1.5;-1.3;0.1;0.2;-1.5;0.1;-1.5;0.1
2023-10-02;15469;15331;15455;15336;False;138;15388;15293;15336;11:30:00;11:30:00;False;True;False;True;True;True;True;;2023-10-02 10:50:00-04:00;10:50:00;10:30 - 11:00;False;True;False;15356.0;15321.0;15388.0;15293.0;14:40:00;11:30:00;15293.0;15388.0;True;14:30 - 15:00;11:30 - 12:00;0.8;0.0;0.4;-0.2;0.0;0.0;0.1;-0.2;0.4;-0.2;0.4
2023-10-03;15294;15205;15270;15227;False;89;15246;15182;15204;10:35:00;13:05:00;False;True;False;True;True;True;True;;2023-10-03 11:10:00-04:00;11:10:00;11:00 - 11:30;False;True;True;15246.0;15202.0;15243.0;15182.0;14:15:00;13:00:00;15182.0;15243.0;True;14:00 - 14:30;13:00 - 13:30;0.7;0.2;0.4;-0.2;-0.1;0.0;0.4;-0.2;0.4;-0.2;0.4
2023-10-04;15264;15170;15247;15171;False;94;15275;15166;15268;15:35:00;15:40:00;True;True;True;False;True;True;False;2023-10-04 15:30:00-04:00;;15:30:00;15:30 - 16:00;True;True;True;15264.0;15166.0;15275.0;15252.0;15:35:00;15:35:00;15275.0;15267.0;False;15:30 - 16:00;15:30 - 16:00;0.8;0.0;1.1;0.0;1.0;0.0;1.0;0.9;1.1;1.1;1.1
2023-10-05;15249;15201;15218;15237;True;48;15243;15161;15231;14:40:00;14:50:00;False;True;False;True;True;True;True;;2023-10-05 10:35:00-04:00;10:35:00;10:30 - 11:00;False;True;False;15240.0;15223.0;15243.0;15161.0;11:10:00;10:45:00;15161.0;15207.0;True;11:00 - 11:30;10:30 - 11:00;0.3;0.7;0.8;-0.8;0.6;0.5;0.8;-0.8;0.8;-0.8;0.1
2023-10-06;15271;15158;15244;15217;False;113;15409;15217;15397;12:05:00;14:45:00;True;False;True;False;True;True;True;2023-10-06 11:00:00-04:00;;11:00:00;11:00 - 11:30;True;True;True;15269.0;15217.0;15409.0;15279.0;12:05:00;11:05:00;15409.0;15279.0;False;12:00 - 12:30;11:00 - 11:30;0.7;0.5;2.2;0.6;2.1;0.6;0.9;1.1;2.2;2.2;1.1
2023-10-09;15281;15224;15226;15230;True;57;15322;15209;15312;14:40:00;14:45:00;True;True;True;True;True;False;False;2023-10-09 13:35:00-04:00;2023-10-09 10:45:00-04:00;10:45:00;10:30 - 11:00;False;False;False;15243.0;15223.0;15322.0;15209.0;10:50:00;10:50:00;15209.0;15225.0;True;10:30 - 11:00;10:30 - 11:00;0.0;0.1;1.7;-0.2;1.5;0.0;0.3;-0.2;1.7;-0.2;0.0
2023-10-10;15536;15473;15488;15527;True;63;15558;15486;15510;10:35:00;10:35:00;True;False;True;False;True;True;True;2023-10-10 10:30:00-04:00;;10:30:00;10:30 - 11:00;True;True;False;15527.0;15527.0;15558.0;15486.0;10:35:00;10:35:00;15558.0;15539.0;False;10:30 - 11:00;10:30 - 11:00;0.2;0.8;1.3;0.3;0.5;0.9;0.8;0.3;1.3;1.3;1.1
2023-10-11;15599;15540;15578;15555;False;59;15595;15523;15586;11:05:00;11:05:00;False;True;False;True;True;True;True;;2023-10-11 12:20:00-04:00;12:20:00;12:00 - 12:30;False;True;False;15595.0;15538.0;15591.0;15523.0;13:20:00;12:30:00;15523.0;15546.0;True;13:00 - 13:30;12:30 - 13:00;0.6;0.2;0.9;-0.2;0.7;0.0;0.9;-0.2;0.8;-0.2;0.1
2023-10-12;15582;15518;15581;15543;False;64;15557;15449;15490;12:20:00;12:25:00;False;True;False;True;True;True;True;;2023-10-12 13:00:00-04:00;13:00:00;13:00 - 13:30;False;True;True;15557.0;15522.0;15516.0;15449.0;14:10:00;13:05:00;15449.0;15516.0;False;14:00 - 14:30;13:00 - 13:30;0.9;0.3;0.6;-1.0;-0.5;0.1;0.6;-1.0;-0.1;-1.0;-0.1
2023-10-13;15432;15331;15415;15349;False;101;15372;15231;15257;10:35:00;10:35:00;False;True;False;True;True;True;True;;2023-10-13 10:50:00-04:00;10:50:00;10:30 - 11:00;False;True;True;15372.0;15339.0;15332.0;15231.0;13:25:00;10:55:00;15231.0;15332.0;True;13:00 - 13:30;10:30 - 11:00;0.8;0.1;0.4;-0.9;-0.8;0.1;0.4;-0.9;0.0;-0.9;0.0
2023-10-16;15356;15291;15301;15351;True;65;15375;15309;15354;10:45:00;10:45:00;True;False;True;False;True;True;True;2023-10-16 10:30:00-04:00;;10:30:00;10:30 - 11:00;True;True;False;15351.0;15351.0;15375.0;15309.0;10:45:00;10:40:00;15375.0;15356.0;False;10:30 - 11:00;10:30 - 11:00;0.1;0.9;1.2;0.3;0.9;1.0;0.9;0.3;1.2;1.2;1.0
2023-10-17;15315;15218;15219;15295;True;97;15405;15288;15358;12:30:00;12:30:00;True;False;True;False;True;True;True;2023-10-17 10:35:00-04:00;;10:35:00;10:30 - 11:00;True;True;True;15309.0;15288.0;15405.0;15304.0;12:30:00;10:50:00;15405.0;15304.0;True;12:30 - 13:00;10:30 - 11:00;0.0;0.7;1.9;0.8;1.4;0.8;0.9;0.9;1.9;1.9;0.9
2023-10-18;15255;15178;15234;15203;False;77;15217;15130;15142;10:45:00;10:45:00;False;True;False;True;True;True;True;;2023-10-18 12:10:00-04:00;12:10:00;12:00 - 12:30;False;True;True;15217.0;15169.0;15202.0;15130.0;15:45:00;14:05:00;15130.0;15202.0;True;15:30 - 16:00;14:00 - 14:30;0.7;0.3;0.5;-0.6;-0.5;-0.1;0.5;-0.6;0.3;-0.6;0.3
2023-10-19;15170;15121;15148;15122;False;49;15189;15036;15053;12:20:00;12:20:00;True;True;True;True;True;False;False;2023-10-19 12:20:00-04:00;2023-10-19 12:30:00-04:00;12:20:00;12:00 - 12:30;True;False;False;15182.0;15113.0;15176.0;15036.0;12:25:00;12:25:00;15176.0;15133.0;True;12:00 - 12:30;12:00 - 12:30;0.5;0.0;1.3;-1.7;-1.4;-0.1;1.2;-1.7;1.1;1.1;0.3
2023-10-20;15007;14914;14968;14915;False;93;14954;14867;14870;10:50:00;11:05:00;False;True;False;True;True;True;True;;2023-10-20 11:15:00-04:00;11:15:00;11:00 - 11:30;False;True;True;14954.0;14907.0;14943.0;14867.0;15:55:00;13:15:00;14867.0;14943.0;True;15:30 - 16:00;13:00 - 13:30;0.5;0.0;0.4;-0.5;-0.5;0.0;0.4;-0.5;0.3;-0.5;0.3
2023-10-23;14856;14750;14791;14846;True;106;14918;14813;14841;13:00:00;13:05:00;True;False;True;False;True;True;True;2023-10-23 11:05:00-04:00;;11:05:00;11:00 - 11:30;True;True;False;14867.0;14813.0;14918.0;14833.0;13:00:00;11:10:00;14918.0;14865.0;False;13:00 - 13:30;11:00 - 11:30;0.3;0.9;1.5;0.6;0.8;0.6;1.1;0.8;1.5;1.5;1.1
2023-10-24;14966;14901;14901;14965;True;65;15002;14922;14991;10:55:00;15:45:00;True;False;True;False;True;True;True;2023-10-24 10:30:00-04:00;;10:30:00;10:30 - 11:00;True;True;True;14965.0;14965.0;15002.0;14922.0;10:55:00;10:35:00;15002.0;14959.0;True;10:30 - 11:00;10:30 - 11:00;0.0;0.9;1.5;0.4;1.3;1.0;0.9;0.4;1.5;1.5;0.9
2023-10-25;14948;14870;14942;14898;False;78;15020;14890;14903;11:00:00;11:15:00;True;False;True;False;True;True;True;2023-10-25 10:45:00-04:00;;10:45:00;10:30 - 11:00;True;True;False;14941.0;14890.0;15020.0;14894.0;11:00:00;10:50:00;15020.0;14948.0;False;11:00 - 11:30;10:30 - 11:00;0.9;0.3;1.9;0.3;0.4;0.3;0.9;0.4;1.9;1.9;1.0
2023-10-26;14870;14774;14847;14798;False;96;14857;14736;14760;10:50:00;10:55:00;False;True;False;True;True;True;True;;2023-10-26 12:15:00-04:00;12:15:00;12:00 - 12:30;False;True;True;14857.0;14775.0;14825.0;14736.0;13:30:00;13:05:00;14736.0;14766.0;False;13:30 - 14:00;13:00 - 13:30;0.7;0.2;0.8;-0.3;-0.2;0.1;0.8;-0.3;0.5;-0.3;-0.1
2023-10-27;14873;14781;14870;14785;False;92;14800;14666;14700;11:15:00;11:25:00;False;True;False;True;True;True;True;;2023-10-27 10:35:00-04:00;10:35:00;10:30 - 11:00;False;True;True;14790.0;14769.0;14800.0;14666.0;15:45:00;11:15:00;14666.0;14800.0;True;15:30 - 16:00;11:00 - 11:30;0.9;0.0;0.2;-1.2;-0.9;-0.1;0.0;-1.2;0.2;-1.2;0.2
2023-10-30;14853;14758;14823;14772;False;95;14846;14753;14834;15:25:00;15:35:00;False;True;False;True;True;True;True;;2023-10-30 10:40:00-04:00;10:40:00;10:30 - 11:00;False;True;False;14780.0;14764.0;14846.0;14753.0;10:45:00;10:45:00;14753.0;14777.0;True;10:30 - 11:00;10:30 - 11:00;0.6;0.1;0.9;0.0;0.8;0.1;0.2;0.0;0.9;0.0;0.2
2023-10-31;14907;14832;14844;14866;True;75;14924;14834;14918;15:55:00;15:10:00;True;False;True;False;True;True;True;2023-10-31 13:50:00-04:00;;13:50:00;13:30 - 14:00;True;True;True;14911.0;14834.0;14924.0;14889.0;15:55:00;14:25:00;14924.0;14889.0;True;15:30 - 16:00;14:00 - 14:30;0.1;0.4;1.2;0.1;1.1;0.1;1.0;0.8;1.2;1.2;0.8
2023-11-01;15010;14960;14986;15004;True;50;15059;14967;15052;15:30:00;15:55:00;True;False;True;False;True;True;True;2023-11-01 10:40:00-04:00;;10:40:00;10:30 - 11:00;True;True;True;15016.0;14996.0;15059.0;14967.0;15:30:00;11:20:00;15059.0;14967.0;True;15:30 - 16:00;11:00 - 11:30;0.5;0.8;1.9;0.2;1.8;0.8;1.1;0.2;1.9;1.9;0.2
2023-11-02;15254;15192;15219;15241;True;62;15282;15190;15277;15:50:00;15:50:00;True;True;True;False;True;True;False;2023-11-02 10:35:00-04:00;;10:35:00;10:30 - 11:00;True;True;True;15253.0;15238.0;15282.0;15190.0;15:50:00;12:05:00;15282.0;15190.0;True;15:30 - 16:00;12:00 - 12:30;0.4;0.7;1.4;0.0;1.3;0.8;0.9;0.0;1.4;1.4;0.0
2023-11-03;15338;15273;15310;15286;False;65;15294;15237;15258;10:30:00;10:30:00;False;True;False;True;True;True;True;;2023-11-03 10:40:00-04:00;10:40:00;10:30 - 11:00;False;True;True;15294.0;15273.0;15287.0;15237.0;13:25:00;11:00:00;15237.0;15287.0;True;13:00 - 13:30;11:00 - 11:30;0.5;0.2;0.3;-0.5;-0.3;0.0;0.3;-0.5;0.2;-0.5;0.2
2023-11-06;15241;15177;15227;15201;False;64;15228;15168;15212;10:40:00;10:40:00;False;True;False;True;True;True;True;;2023-11-06 13:15:00-05:00;13:15:00;13:00 - 13:30;False;True;False;15228.0;15181.0;15212.0;15168.0;13:20:00;13:20:00;15168.0;15177.0;False;13:00 - 13:30;13:00 - 13:30;0.7;0.3;0.7;-0.1;0.5;0.1;0.7;-0.1;0.5;-0.1;0.0
2023-11-07;15219;15179;15199;15216;True;40;15262;15202;15221;10:55:00;10:50:00;True;False;True;False;True;True;True;2023-11-07 10:30:00-05:00;;10:30:00;10:30 - 11:00;True;True;True;15216.0;15216.0;15262.0;15202.0;10:55:00;10:35:00;15262.0;15223.0;False;10:30 - 11:00;10:30 - 11:00;0.5;0.9;2.0;0.6;1.0;1.0;0.9;0.6;2.0;2.0;1.1
2023-11-08;15354;15306;15312;15316;True;48;15318;15223;15288;10:30:00;10:30:00;False;True;False;True;True;True;True;;2023-11-08 10:35:00-05:00;10:35:00;10:30 - 11:00;False;True;True;15318.0;15310.0;15309.0;15223.0;12:05:00;10:40:00;15223.0;15309.0;True;12:00 - 12:30;10:30 - 11:00;0.1;0.2;0.2;-1.7;-0.4;0.1;0.2;-1.7;0.0;-1.7;0.0
2023-11-09;15398;15346;15395;15377;False;52;15426;15322;15333;11:15:00;12:05:00;True;True;True;True;True;False;False;2023-11-09 11:00:00-05:00;2023-11-09 14:15:00-05:00;11:00:00;11:00 - 11:30;True;False;False;15393.0;15362.0;15426.0;15322.0;11:15:00;11:05:00;15426.0;15399.0;False;11:00 - 11:30;11:00 - 11:30;0.9;0.5;1.5;-0.4;-0.3;0.4;0.9;-0.4;1.5;1.5;1.1
2023-11-10;15316;15237;15316;15242;False;79;15391;15228;15387;15:50:00;15:50:00;True;True;True;True;True;False;False;2023-11-10 12:00:00-05:00;2023-11-10 10:35:00-05:00;10:35:00;10:30 - 11:00;False;False;False;15252.0;15240.0;15391.0;15228.0;10:40:00;10:40:00;15228.0;15236.0;False;10:30 - 11:00;10:30 - 11:00;1.0;0.0;1.9;-0.1;1.8;0.1;0.1;-0.1;1.9;-0.1;-0.1
2023-11-13;15356;15317;15331;15351;True;39;15423;15351;15410;14:45:00;14:45:00;True;False;True;False;True;True;True;2023-11-13 10:30:00-05:00;;10:30:00;10:30 - 11:00;True;True;True;15351.0;15351.0;15423.0;15356.0;14:45:00;10:35:00;15423.0;15356.0;False;14:30 - 15:00;10:30 - 11:00;0.3;0.8;2.7;0.9;2.3;0.9;0.8;1.0;2.7;2.7;1.0
2023-11-14;15672;15618;15623;15671;True;54;15690;15643;15674;10:35:00;15:30:00;True;False;True;False;True;True;True;2023-11-14 10:30:00-05:00;;10:30:00;10:30 - 11:00;True;True;True;15671.0;15671.0;15690.0;15643.0;10:35:00;10:35:00;15690.0;15671.0;True;10:30 - 11:00;10:30 - 11:00;0.0;0.9;1.3;0.5;1.0;1.0;0.9;0.5;1.3;1.3;1.0
2023-11-15;15808;15762;15766;15791;True;46;15815;15780;15802;14:35:00;14:35:00;True;False;True;False;True;True;True;2023-11-15 14:25:00-05:00;;14:25:00;14:00 - 14:30;True;True;False;15814.0;15780.0;15815.0;15795.0;14:35:00;14:30:00;15815.0;15808.0;False;14:30 - 15:00;14:30 - 15:00;0.0;0.6;1.1;0.4;0.8;0.4;1.1;0.8;1.1;1.1;1.0
2023-11-16;15903;15853;15868;15871;True;50;15887;15829;15873;10:30:00;10:30:00;False;True;False;True;True;True;True;;2023-11-16 11:10:00-05:00;11:10:00;11:00 - 11:30;False;True;False;15887.0;15850.0;15875.0;15829.0;11:40:00;11:15:00;15829.0;15858.0;True;11:30 - 12:00;11:00 - 11:30;0.2;0.3;0.6;-0.4;0.4;0.0;0.6;-0.4;0.4;-0.4;0.1
2023-11-17;15985;15954;15972;15982;True;31;15998;15959;15994;12:05:00;13:40:00;True;False;True;False;True;True;True;2023-11-17 12:00:00-05:00;;12:00:00;12:00 - 12:30;True;True;True;15986.0;15959.0;15998.0;15975.0;12:05:00;12:05:00;15998.0;15988.0;False;12:00 - 12:30;12:00 - 12:30;0.5;0.9;1.4;0.2;1.2;0.2;1.0;0.7;1.4;1.4;1.1
2023-11-20;15954;15920;15927;15947;True;34;15995;15942;15983;15:10:00;15:15:00;True;False;True;False;True;True;True;2023-11-20 11:20:00-05:00;;11:20:00;11:00 - 11:30;True;True;True;15958.0;15942.0;15995.0;15950.0;15:10:00;11:35:00;15995.0;15950.0;True;15:00 - 15:30;11:30 - 12:00;0.2;0.7;2.2;0.7;1.8;0.7;1.1;0.9;2.2;2.2;0.9
2023-11-21;15982;15960;15971;15964;False;22;15974;15943;15960;10:45:00;10:45:00;False;True;False;True;True;True;True;;2023-11-21 11:00:00-05:00;11:00:00;11:00 - 11:30;False;True;False;15974.0;15957.0;15965.0;15943.0;13:20:00;11:50:00;15943.0;15960.0;False;13:00 - 13:30;11:30 - 12:00;0.5;0.1;0.6;-0.7;0.0;-0.1;0.6;-0.7;0.2;-0.7;0.0
2023-11-22;16044;15991;16037;16018;False;53;16028;15980;16001;10:35:00;10:35:00;False;True;False;True;True;True;True;;2023-11-22 12:40:00-05:00;12:40:00;12:30 - 13:00;False;True;False;16028.0;15992.0;16008.0;15980.0;14:40:00;13:20:00;15980.0;16008.0;True;14:30 - 15:00;13:00 - 13:30;0.8;0.5;0.6;-0.2;0.1;0.1;0.6;-0.2;0.3;-0.2;0.3
2023-11-23;16045;16025;16033;16029;False;20;16043;16022;16034;11:30:00;15:45:00;False;True;False;True;True;True;True;;2023-11-23 13:05:00-05:00;13:05:00;13:00 - 13:30;False;True;False;16043.0;16022.0;16042.0;16022.0;13:25:00;13:25:00;16022.0;16027.0;True;13:00 - 13:30;13:00 - 13:30;0.4;0.2;0.9;-0.1;0.4;-0.1;0.9;-0.1;0.8;-0.1;0.1
2023-11-24;16077;16049;16053;16068;True;28;16086;16058;16066;13:00:00;12:15:00;True;False;True;False;True;True;True;2023-11-24 11:05:00-05:00;;11:05:00;11:00 - 11:30;True;True;False;16072.0;16058.0;16086.0;16065.0;13:00:00;11:30:00;16086.0;16066.0;True;13:00 - 13:30;11:30 - 12:00;0.1;0.6;1.3;0.4;0.6;0.4;0.8;0.6;1.3;1.3;0.7
2023-11-27;16049;16025;16040;16034;False;24;16042;15994;15997;10:35:00;10:30:00;False;True;False;True;True;True;True;;2023-11-27 10:45:00-05:00;10:45:00;10:30 - 11:00;False;True;True;16042.0;16030.0;16025.0;15994.0;11:10:00;10:55:00;15994.0;16025.0;False;11:00 - 11:30;10:30 - 11:00;0.6;0.3;0.7;-1.2;-1.2;0.3;0.7;-1.2;0.0;-1.2;0.0
2023-11-28;15996;15970;15985;15995;True;26;16037;15990;16024;11:55:00;12:00:00;True;False;True;False;True;True;True;2023-11-28 10:35:00-05:00;;10:35:00;10:30 - 11:00;True;True;True;15997.0;15993.0;16037.0;15991.0;11:55:00;10:40:00;16037.0;16000.0;False;11:30 - 12:00;10:30 - 11:00;0.5;0.9;2.5;0.8;2.0;0.9;1.0;0.9;2.5;2.5;1.2
2023-11-29;16218;16176;16199;16193;False;42;16245;16186;16207;10:55:00;10:55:00;True;False;True;False;True;True;True;2023-11-29 10:45:00-05:00;;10:45:00;10:30 - 11:00;True;True;False;16219.0;16186.0;16245.0;16197.0;10:55:00;10:50:00;16245.0;16220.0;False;10:30 - 11:00;10:30 - 11:00;0.5;0.4;1.6;0.3;0.7;0.3;1.0;0.5;1.6;1.6;1.1
2023-11-30;16266;16228;16263;16246;False;38;16287;16229;16282;15:55:00;15:55:00;True;False;True;False;True;True;True;2023-11-30 14:30:00-05:00;;14:30:00;14:30 - 15:00;True;True;True;16267.0;16229.0;16287.0;16245.0;15:55:00;15:25:00;16287.0;16245.0;True;15:30 - 16:00;15:00 - 15:30;0.9;0.4;1.5;0.1;1.4;0.1;1.0;0.5;1.5;1.5;0.5
2023-12-01;16380;16319;16322;16370;True;61;16468;16364;16458;13:00:00;13:00:00;True;False;True;False;True;True;True;2023-12-01 10:45:00-05:00;;10:45:00;10:30 - 11:00;True;True;True;16384.0;16367.0;16468.0;16364.0;13:00:00;11:00:00;16468.0;16364.0;True;13:00 - 13:30;11:00 - 11:30;0.0;0.8;2.4;0.8;2.2;0.8;1.0;0.8;2.4;2.4;0.8
2023-12-04;16467;16427;16428;16441;True;40;16473;16415;16466;15:50:00;15:50:00;True;True;True;True;True;False;False;2023-12-04 15:50:00-05:00;2023-12-04 10:35:00-05:00;10:35:00;10:30 - 11:00;False;False;False;16440.0;16428.0;16473.0;16415.0;11:05:00;10:55:00;16415.0;16432.0;True;11:00 - 11:30;10:30 - 11:00;0.0;0.3;1.1;-0.2;0.9;0.1;0.3;-0.2;1.1;-0.2;0.1
2023-12-05;16539;16491;16505;16537;True;48;16576;16520;16555;11:05:00;15:00:00;True;False;True;False;True;True;True;2023-12-05 10:40:00-05:00;;10:40:00;10:30 - 11:00;True;True;True;16538.0;16520.0;16576.0;16539.0;11:05:00;10:45:00;16576.0;16544.0;False;11:00 - 11:30;10:30 - 11:00;0.2;0.9;1.7;0.7;1.3;0.7;0.9;1.0;1.7;1.7;1.2
2023-12-06;16752;16672;16679;16720;True;80;16729;16648;16653;10:35:00;10:40:00;False;True;False;True;True;True;True;;2023-12-06 12:25:00-05:00;12:25:00;12:00 - 12:30;False;True;True;16729.0;16673.0;16692.0;16648.0;15:55:00;13:30:00;16648.0;16692.0;True;15:30 - 16:00;13:30 - 14:00;0.0;0.5;0.7;-0.2;-0.3;0.1;0.7;-0.2;0.2;-0.2;0.2
2023-12-07;16658;16631;16654;16654;False;27;16687;16638;16669;15:50:00;15:25:00;True;False;True;False;True;True;True;2023-12-07 11:00:00-05:00;;11:00:00;11:00 - 11:30;True;True;True;16655.0;16638.0;16687.0;16643.0;15:50:00;11:15:00;16687.0;16643.0;True;15:30 - 16:00;11:00 - 11:30;0.8;0.8;2.0;0.3;1.4;0.3;0.8;0.5;2.0;2.0;0.5
2023-12-08;16781;16723;16724;16768;True;58;16815;16742;16807;14:50:00;14:50:00;True;False;True;False;True;True;True;2023-12-08 10:50:00-05:00;;10:50:00;10:30 - 11:00;True;True;True;16770.0;16742.0;16815.0;16755.0;14:50:00;11:15:00;16815.0;16755.0;True;14:30 - 15:00;11:00 - 11:30;0.0;0.7;1.5;0.4;1.4;0.4;0.8;0.6;1.5;1.5;0.6
2023-12-11;16806;16765;16775;16787;True;41;16842;16787;16835;15:40:00;15:40:00;True;False;True;False;True;True;True;2023-12-11 10:50:00-05:00;;10:50:00;10:30 - 11:00;True;True;True;16806.0;16787.0;16842.0;16802.0;15:40:00;10:55:00;16842.0;16802.0;True;15:30 - 16:00;10:30 - 11:00;0.2;0.5;1.8;0.6;1.7;0.6;1.0;1.0;1.8;1.8;1.0
2023-12-12;16815;16773;16791;16809;True;42;16831;16796;16819;15:05:00;15:05:00;True;False;True;False;True;True;True;2023-12-12 10:40:00-05:00;;10:40:00;10:30 - 11:00;True;True;True;16818.0;16808.0;16831.0;16796.0;15:05:00;12:05:00;16831.0;16796.0;True;15:00 - 15:30;12:00 - 12:30;0.4;0.8;1.3;0.6;1.0;0.9;1.0;0.6;1.3;1.3;0.6
2023-12-13;16824;16791;16823;16800;False;33;16910;16745;16904;15:05:00;15:40:00;True;True;True;True;True;False;False;2023-12-13 14:25:00-05:00;2023-12-13 11:00:00-05:00;11:00:00;11:00 - 11:30;False;False;False;16810.0;16796.0;16910.0;16745.0;13:40:00;11:05:00;16745.0;16786.0;False;13:30 - 14:00;11:00 - 11:30;0.9;0.2;3.6;-1.3;3.4;0.2;0.5;-1.3;3.6;-1.3;-0.2
2023-12-14;16840;16672;16820;16698;False;168;16795;16697;16748;12:25:00;12:30:00;False;False;False;False;False;False;False;;;;No breakout;False;True;False;16698.0;16698.0;16748.0;16748.0;;;;;False;No breakout;No breakout;0.8;0.1;0.7;0.2;0.4;0.2;0.1;0.5;0.4;;
2023-12-15;16953;16907;16913;16947;True;46;16975;16900;16910;11:00:00;11:25:00;True;True;True;True;True;False;False;2023-12-15 10:50:00-05:00;2023-12-15 14:55:00-05:00;10:50:00;10:30 - 11:00;True;False;False;16950.0;16938.0;16975.0;16900.0;11:00:00;10:55:00;16975.0;16950.0;True;11:00 - 11:30;10:30 - 11:00;0.1;0.8;1.4;-0.1;0.0;0.7;0.9;-0.1;1.4;1.4;1.0
2023-12-18;16864;16815;16859;16845;False;49;16877;16812;16865;15:25:00;15:25:00;True;True;True;True;True;False;False;2023-12-18 14:20:00-05:00;2023-12-18 10:50:00-05:00;10:50:00;10:30 - 11:00;False;False;False;16846.0;16818.0;16877.0;16812.0;10:55:00;10:55:00;16812.0;16823.0;True;10:30 - 11:00;10:30 - 11:00;0.8;0.6;1.2;0.0;1.0;0.1;0.6;0.0;1.2;0.0;0.1
2023-12-19;16935;16893;16906;16928;True;42;16967;16919;16960;15:40:00;15:40:00;True;False;True;False;True;True;True;2023-12-19 11:15:00-05:00;;11:15:00;11:00 - 11:30;True;True;True;16939.0;16919.0;16967.0;16931.0;15:40:00;13:10:00;16967.0;16931.0;True;15:30 - 16:00;13:00 - 13:30;0.3;0.8;1.7;0.7;1.5;0.7;1.0;1.0;1.7;1.7;1.0
2023-12-20;16948;16899;16922;16932;True;49;16950;16795;16809;13:10:00;13:05:00;True;True;False;True;True;True;False;;2023-12-20 14:45:00-05:00;14:45:00;14:30 - 15:00;False;True;True;16950.0;16896.0;16889.0;16795.0;15:55:00;14:50:00;16795.0;16889.0;False;15:30 - 16:00;14:30 - 15:00;0.4;0.6;1.0;-2.1;-1.9;0.0;1.0;-2.1;-0.3;-2.1;-0.3
2023-12-21;16876;16826;16862;16842;False;50;16914;16834;16912;15:55:00;15:55:00;True;False;True;False;True;True;True;2023-12-21 15:20:00-05:00;;15:20:00;15:00 - 15:30;True;True;True;16875.0;16834.0;16914.0;16878.0;15:55:00;15:25:00;16914.0;16878.0;False;15:30 - 16:00;15:00 - 15:30;0.7;0.3;1.7;0.2;1.7;0.2;0.9;1.1;1.7;1.7;1.1
2023-12-22;16916;16870;16908;16896;False;46;16913;16853;16899;13:10:00;13:15:00;False;True;False;True;True;True;True;;2023-12-22 14:25:00-05:00;14:25:00;14:00 - 14:30;False;True;False;16913.0;16867.0;16905.0;16853.0;14:30:00;14:30:00;16853.0;16867.0;False;14:30 - 15:00;14:30 - 15:00;0.8;0.5;0.9;-0.3;0.6;0.0;0.9;-0.3;0.7;-0.3;-0.1
2023-12-27;16925;16888;16905;16905;False;37;16956;16890;16936;13:10:00;13:40:00;True;False;True;False;True;True;True;2023-12-27 11:40:00-05:00;;11:40:00;11:30 - 12:00;True;True;True;16927.0;16890.0;16956.0;16920.0;13:10:00;12:00:00;16956.0;16923.0;True;13:00 - 13:30;12:00 - 12:30;0.4;0.4;1.8;0.1;1.2;0.1;1.0;0.9;1.8;1.8;1.0
2023-12-28;16901;16868;16885;16883;False;33;16894;16848;16868;13:35:00;13:35:00;False;True;False;True;True;True;True;;2023-12-28 11:10:00-05:00;11:10:00;11:00 - 11:30;False;True;False;16890.0;16866.0;16894.0;16852.0;11:15:00;11:15:00;16852.0;16862.0;False;11:00 - 11:30;11:00 - 11:30;0.5;0.4;0.7;-0.6;0.0;0.0;0.6;-0.4;0.7;-0.4;-0.2
2023-12-29;16953;16922;16924;16949;True;31;16951;16865;16928;10:30:00;10:35:00;False;True;False;True;True;True;True;;2023-12-29 11:05:00-05:00;11:05:00;11:00 - 11:30;False;True;False;16951.0;16929.0;16950.0;16865.0;11:20:00;11:10:00;16865.0;16914.0;False;11:00 - 11:30;11:00 - 11:30;0.0;0.8;0.9;-1.8;0.1;0.3;0.9;-1.8;0.9;-1.8;-0.3
2024-01-02;16933;16882;16902;16908;True;51;16942;16867;16891;11:10:00;12:40:00;True;True;True;True;True;False;False;2024-01-02 12:10:00-05:00;2024-01-02 15:00:00-05:00;12:10:00;12:00 - 12:30;True;False;False;16942.0;16891.0;16940.0;16867.0;12:40:00;12:30:00;16940.0;16926.0;True;12:30 - 13:00;12:30 - 13:00;0.3;0.5;1.1;-0.2;0.1;0.2;1.1;-0.2;1.1;1.1;0.9
2024-01-03;16713;16622;16697;16648;False;91;16715;16626;16666;13:00:00;13:15:00;True;False;False;False;False;False;True;;;;No breakout;False;True;False;16648.0;16648.0;16666.0;16666.0;;;;;False;No breakout;No breakout;0.8;0.2;1.0;0.1;0.4;0.3;0.2;0.5;0.4;;
2024-01-04;16735;16683;16683;16734;True;52;16771;16708;16708;11:35:00;11:15:00;True;False;True;False;True;True;True;2024-01-04 10:30:00-05:00;;10:30:00;10:30 - 11:00;True;True;False;16734.0;16734.0;16771.0;16708.0;11:35:00;10:40:00;16771.0;16734.0;True;11:30 - 12:00;10:30 - 11:00;0.0;0.9;1.6;0.5;0.4;1.0;0.9;0.5;1.6;1.6;1.0
2024-01-05;16788;16666;16673;16756;True;122;16780;16700;16728;10:50:00;10:45:00;False;False;False;False;False;False;False;;;;No breakout;False;True;False;16756.0;16756.0;16728.0;16728.0;;;;;False;No breakout;No breakout;0.0;0.7;0.9;0.3;0.5;0.8;0.7;0.6;0.5;;
2024-01-08;16844;16795;16809;16835;True;49;16924;16815;16918;15:55:00;15:55:00;True;False;True;False;True;True;True;2024-01-08 10:30:00-05:00;;10:30:00;10:30 - 11:00;True;True;True;16835.0;16835.0;16924.0;16815.0;15:55:00;11:00:00;16924.0;16815.0;True;15:30 - 16:00;11:00 - 11:30;0.2;0.8;2.6;0.5;2.5;0.9;0.8;0.5;2.6;2.6;0.5
2024-01-09;16827;16759;16775;16818;True;68;16835;16792;16815;13:05:00;14:05:00;True;False;True;False;True;True;True;2024-01-09 12:05:00-05:00;;12:05:00;12:00 - 12:30;True;True;False;16831.0;16804.0;16835.0;16792.0;13:05:00;12:45:00;16835.0;16815.0;True;13:00 - 13:30;12:30 - 13:00;0.2;0.8;1.1;0.5;0.8;0.7;1.0;0.5;1.1;1.1;0.9
2024-01-10;16833;16787;16820;16804;False;46;16874;16801;16854;15:05:00;15:05:00;True;False;True;False;True;True;True;2024-01-10 12:35:00-05:00;;12:35:00;12:30 - 13:00;True;True;True;16835.0;16801.0;16874.0;16827.0;15:05:00;13:10:00;16874.0;16827.0;True;15:00 - 15:30;13:00 - 13:30;0.7;0.3;1.8;0.4;1.4;0.4;1.0;0.9;1.8;1.8;0.9
2024-01-11;16854;16714;16847;16730;False;140;16775;16663;16766;15:30:00;15:30:00;False;True;False;True;True;True;True;;2024-01-11 10:30:00-05:00;10:30:00;10:30 - 11:00;False;True;False;16730.0;16730.0;16775.0;16663.0;11:35:00;10:40:00;16663.0;16734.0;True;11:30 - 12:00;10:30 - 11:00;0.9;0.1;0.4;-0.3;0.3;0.2;0.1;-0.3;0.4;-0.3;0.1
2024-01-12;16880;16822;16851;16831;False;58;16852;16793;16843;13:55:00;14:00:00;False;True;False;True;True;True;True;;2024-01-12 10:35:00-05:00;10:35:00;10:30 - 11:00;False;True;False;16838.0;16821.0;16852.0;16793.0;10:50:00;10:45:00;16793.0;16829.0;True;10:30 - 11:00;10:30 - 11:00;0.5;0.1;0.5;-0.5;0.3;0.0;0.2;-0.5;0.5;-0.5;0.1
2024-01-15;16780;16732;16757;16766;True;48;16772;16736;16755;10:35:00;10:40:00;False;False;False;False;False;False;False;;;;No breakout;False;True;False;16766.0;16766.0;16755.0;16755.0;;;;;False;No breakout;No breakout;0.5;0.7;0.8;0.1;0.4;0.8;0.7;0.5;0.4;;
2024-01-16;16696;16621;16647;16676;True;75;16706;16624;16656;10:40:00;10:45:00;True;False;True;False;True;True;True;2024-01-16 10:40:00-05:00;;10:40:00;10:30 - 11:00;True;True;False;16690.0;16673.0;16704.0;16624.0;10:45:00;10:45:00;16704.0;16696.0;False;10:30 - 11:00;10:30 - 11:00;0.3;0.7;1.1;0.1;0.4;0.7;0.9;0.1;1.1;1.1;1.0
2024-01-17;16519;16464;16503;16511;True;55;16553;16495;16542;11:25:00;11:35:00;True;False;True;False;True;True;True;2024-01-17 11:00:00-05:00;;11:00:00;11:00 - 11:30;True;True;True;16519.0;16501.0;16553.0;16495.0;11:25:00;11:05:00;16553.0;16523.0;False;11:00 - 11:30;11:00 - 11:30;0.7;0.8;1.6;0.6;1.4;0.7;1.0;0.6;1.6;1.6;1.1
2024-01-18;16676;16635;16652;16662;True;41;16721;16635;16718;15:55:00;15:55:00;True;False;True;False;True;True;True;2024-01-18 10:35:00-05:00;;10:35:00;10:30 - 11:00;True;True;True;16672.0;16659.0;16721.0;16635.0;15:55:00;13:25:00;16721.0;16635.0;True;15:30 - 16:00;13:00 - 13:30;0.4;0.6;2.0;0.0;2.0;0.6;0.9;0.0;2.0;2.0;0.0
2024-01-19;16686;16630;16659;16650;False;56;16750;16626;16744;14:25:00;15:35:00;True;True;True;False;True;True;False;2024-01-19 12:25:00-05:00;;12:25:00;12:00 - 12:30;True;True;True;16681.0;16626.0;16750.0;16683.0;14:25:00;12:40:00;16750.0;16683.0;True;14:00 - 14:30;12:30 - 13:00;0.5;0.3;2.1;0.0;2.0;0.0;0.9;1.0;2.1;2.1;1.0
2024-01-22;16794;16755;16758;16787;True;39;16804;16771;16783;11:55:00;11:55:00;True;False;True;False;True;True;True;2024-01-22 11:30:00-05:00;;11:30:00;11:30 - 12:00;True;True;False;16795.0;16773.0;16804.0;16771.0;11:55:00;11:40:00;16804.0;16794.0;False;11:30 - 12:00;11:30 - 12:00;0.0;0.8;1.2;0.5;0.7;0.5;1.0;0.5;1.2;1.2;1.0
2024-01-23;16794;16741;16746;16790;True;53;16791;16733;16774;10:30:00;15:20:00;False;True;False;True;True;True;True;;2024-01-23 11:30:00-05:00;11:30:00;11:30 - 12:00;False;True;False;16791.0;16740.0;16779.0;16733.0;11:35:00;11:35:00;16733.0;16741.0;False;11:30 - 12:00;11:30 - 12:00;0.0;0.9;0.9;-0.1;0.6;0.0;0.9;-0.1;0.7;-0.1;0.0
2024-01-24;17037;16979;17004;16999;False;58;17032;16971;16976;12:55:00;12:55:00;False;True;False;True;True;True;True;;2024-01-24 15:15:00-05:00;15:15:00;15:00 - 15:30;False;True;True;17032.0;16980.0;16994.0;16971.0;15:50:00;15:40:00;16971.0;16994.0;True;15:30 - 16:00;15:30 - 16:00;0.4;0.3;0.9;-0.1;-0.1;0.1;0.9;-0.1;0.2;-0.1;0.2
2024-01-25;17023;16967;17004;17012;True;56;17021;16978;17021;15:55:00;15:55:00;False;False;False;False;False;False;False;;;;No breakout;False;True;False;17012.0;17012.0;17021.0;17021.0;;;;;False;No breakout;No breakout;0.6;0.8;0.9;0.2;0.9;0.9;0.8;1.0;0.9;;
2024-01-26;17056;17022;17048;17027;False;34;17070;17026;17042;12:00:00;12:00:00;True;False;True;False;True;True;True;2024-01-26 10:50:00-05:00;;10:50:00;10:30 - 11:00;True;True;False;17057.0;17026.0;17070.0;17032.0;12:00:00;11:05:00;17070.0;17046.0;True;12:00 - 12:30;11:00 - 11:30;0.7;0.1;1.4;0.2;0.5;0.2;1.0;0.3;1.4;1.4;0.8
2024-01-29;17035;16998;17002;17022;True;37;17106;17008;17096;15:25:00;15:30:00;True;False;True;False;True;True;True;2024-01-29 11:10:00-05:00;;11:10:00;11:00 - 11:30;True;True;True;17030.0;17008.0;17106.0;17027.0;15:25:00;11:25:00;17106.0;17027.0;True;15:00 - 15:30;11:00 - 11:30;0.1;0.6;2.9;0.3;2.6;0.3;0.8;0.8;2.9;2.9;0.8
2024-01-30;17078;17047;17072;17058;False;31;17080;17050;17067;11:55:00;11:55:00;True;False;True;False;True;True;True;2024-01-30 11:50:00-05:00;;11:50:00;11:30 - 12:00;True;True;False;17078.0;17050.0;17080.0;17054.0;11:55:00;11:55:00;17080.0;17078.0;False;11:30 - 12:00;11:30 - 12:00;0.8;0.3;1.0;0.1;0.6;0.1;1.0;0.3;1.0;1.0;1.0
2024-01-31;17059;16993;17050;17009;False;66;17023;16890;16907;14:45:00;11:15:00;False;True;False;True;True;True;True;;2024-01-31 10:50:00-05:00;10:50:00;10:30 - 11:00;False;True;True;17017.0;16994.0;17023.0;16890.0;15:05:00;14:45:00;16890.0;17023.0;True;15:00 - 15:30;14:30 - 15:00;0.8;0.2;0.4;-1.5;-1.4;0.1;0.3;-1.5;0.4;-1.5;0.4
2024-02-01;16995;16944;16975;16981;True;51;17038;16912;17038;15:55:00;15:40:00;True;True;True;True;True;False;False;2024-02-01 12:45:00-05:00;2024-02-01 10:50:00-05:00;10:50:00;10:30 - 11:00;False;False;False;16981.0;16961.0;17038.0;16912.0;11:10:00;10:55:00;16912.0;16942.0;False;11:00 - 11:30;10:30 - 11:00;0.6;0.7;1.8;-0.6;1.8;0.4;0.7;-0.6;1.8;-0.6;-0.1
2024-02-02;17054;16990;17049;17014;False;64;17039;16978;17026;15:25:00;15:25:00;False;True;False;True;True;True;True;;2024-02-02 11:00:00-05:00;11:00:00;11:00 - 11:30;False;True;False;17032.0;16994.0;17039.0;16978.0;12:45:00;12:30:00;16978.0;17020.0;True;12:30 - 13:00;12:30 - 13:00;0.9;0.3;0.7;-0.1;0.5;0.1;0.6;-0.1;0.7;-0.1;0.4
2024-02-05;17012;16945;16996;16967;False;67;17033;16947;17006;14:45:00;14:45:00;True;False;True;False;True;True;True;2024-02-05 12:35:00-05:00;;12:35:00;12:30 - 13:00;True;True;False;17014.0;16947.0;17033.0;17002.0;14:45:00;13:25:00;17033.0;17002.0;True;14:30 - 15:00;13:00 - 13:30;0.7;0.3;1.3;0.1;0.9;0.1;1.0;0.9;1.3;1.3;0.9
2024-02-06;17098;17031;17038;17091;True;67;17139;17087;17124;11:20:00;11:25:00;True;False;True;False;True;True;True;2024-02-06 10:30:00-05:00;;10:30:00;10:30 - 11:00;True;True;True;17091.0;17091.0;17139.0;17089.0;11:20:00;10:35:00;17139.0;17101.0;False;11:00 - 11:30;10:30 - 11:00;0.1;0.8;1.6;0.9;1.3;0.9;0.8;0.9;1.6;1.6;1.1
2024-02-07;17078;17008;17078;17044;False;70;17044;16995;17025;10:30:00;15:00:00;False;True;False;True;True;True;True;;2024-02-07 11:00:00-05:00;11:00:00;11:00 - 11:30;False;True;False;17044.0;17010.0;17041.0;16995.0;11:25:00;11:05:00;16995.0;17016.0;True;11:00 - 11:30;11:00 - 11:30;1.0;0.5;0.5;-0.1;0.2;0.1;0.5;-0.1;0.4;-0.1;0.1
2024-02-08;17102;17063;17100;17070;False;39;17080;17037;17053;10:30:00;10:30:00;False;True;False;True;True;True;True;;2024-02-08 10:55:00-05:00;10:55:00;10:30 - 11:00;False;True;True;17080.0;17059.0;17062.0;17037.0;11:30:00;11:00:00;17037.0;17060.0;False;11:30 - 12:00;11:00 - 11:30;0.9;0.1;0.4;-0.6;-0.3;-0.1;0.4;-0.6;-0.1;-0.6;-0.1
2024-02-09;17006;16941;17006;16964;False;65;17041;16952;17030;14:40:00;14:45:00;True;False;True;False;True;True;True;2024-02-09 12:50:00-05:00;;12:50:00;12:30 - 13:00;True;True;True;17006.0;16952.0;17041.0;17008.0;14:40:00;12:55:00;17041.0;17008.0;False;14:30 - 15:00;12:30 - 13:00;1.0;0.3;1.5;0.2;1.3;0.2;1.0;1.1;1.5;1.5;1.1
2024-02-12;17088;17039;17048;17081;True;49;17110;17063;17078;13:15:00;13:15:00;True;False;True;False;True;True;True;2024-02-12 10:30:00-05:00;;10:30:00;10:30 - 11:00;True;True;False;17081.0;17081.0;17110.0;17063.0;13:15:00;10:50:00;17110.0;17084.0;True;13:00 - 13:30;10:30 - 11:00;0.1;0.8;1.4;0.5;0.7;0.9;0.8;0.5;1.4;1.4;1.0
2024-02-13;16952;16895;16924;16929;True;57;16955;16847;16893;11:05:00;11:45:00;True;True;False;True;True;True;False;;2024-02-13 14:00:00-05:00;14:00:00;14:00 - 14:30;False;True;True;16955.0;16900.0;16894.0;16847.0;15:20:00;14:05:00;16847.0;16892.0;False;15:00 - 15:30;14:00 - 14:30;0.5;0.5;1.0;-0.8;-0.1;0.1;1.0;-0.8;-0.1;-0.8;-0.1
2024-02-14;17017;16966;16980;17006;True;51;17054;16963;17052;15:55:00;15:50:00;True;True;True;False;True;True;False;2024-02-14 13:35:00-05:00;;13:35:00;13:30 - 14:00;True;True;True;17017.0;16963.0;17054.0;16987.0;15:55:00;14:05:00;17054.0;16987.0;True;15:30 - 16:00;14:00 - 14:30;0.2;0.7;1.7;0.0;1.6;0.0;1.0;0.5;1.7;1.7;0.5
2024-02-15;17103;17062;17064;17094;True;41;17165;17083;17160;14:55:00;14:50:00;True;False;True;False;True;True;True;2024-02-15 10:35:00-05:00;;10:35:00;10:30 - 11:00;True;True;True;17100.0;17087.0;17165.0;17083.0;14:55:00;11:05:00;17165.0;17083.0;True;14:30 - 15:00;11:00 - 11:30;0.0;0.7;2.5;0.6;2.3;0.7;0.9;0.6;2.5;2.5;0.6
2024-02-16;17178;17114;17174;17142;False;64;17180;17121;17135;11:55:00;11:55:00;True;False;True;False;True;True;True;;;;No breakout;False;True;False;17142.0;17142.0;17135.0;17135.0;;;;;False;No breakout;No breakout;0.9;0.4;1.0;0.2;0.3;0.5;0.4;0.4;0.3;;
2024-02-19;17148;17111;17113;17146;True;37;17152;17133;17136;11:20:00;12:00:00;True;False;True;False;True;True;True;2024-02-19 11:55:00-05:00;;11:55:00;11:30 - 12:00;True;True;False;17152.0;17135.0;17150.0;17133.0;12:00:00;12:00:00;17150.0;17148.0;False;12:00 - 12:30;12:00 - 12:30;0.0;0.9;1.1;0.6;0.6;0.7;1.1;0.6;1.0;1.0;1.0
2024-02-20;17118;17083;17088;17112;True;35;17135;17081;17129;11:00:00;11:15:00;True;True;True;False;True;True;False;2024-02-20 10:45:00-05:00;;10:45:00;10:30 - 11:00;True;True;True;17118.0;17099.0;17135.0;17081.0;11:00:00;10:50:00;17135.0;17119.0;False;11:00 - 11:30;10:30 - 11:00;0.1;0.8;1.4;0.0;1.3;0.5;1.0;0.0;1.4;1.4;1.1
2024-02-21;17190;17135;17148;17154;True;55;17209;17138;17205;15:50:00;15:55:00;True;False;True;False;True;True;True;2024-02-21 15:40:00-05:00;;15:40:00;15:30 - 16:00;True;True;True;17192.0;17138.0;17209.0;17190.0;15:50:00;15:45:00;17209.0;17190.0;False;15:30 - 16:00;15:30 - 16:00;0.2;0.3;1.3;0.1;1.2;0.1;1.0;1.0;1.3;1.3;1.0
2024-02-22;17478;17416;17431;17433;True;62;17475;17401;17469;15:55:00;15:40:00;False;True;False;True;True;True;True;;2024-02-22 10:40:00-05:00;10:40:00;10:30 - 11:00;False;True;False;17434.0;17417.0;17475.0;17401.0;10:45:00;10:45:00;17401.0;17416.0;False;10:30 - 11:00;10:30 - 11:00;0.2;0.2;0.9;-0.2;0.8;0.1;0.2;-0.2;0.9;-0.2;0.0
2024-02-23;17487;17444;17451;17464;True;43;17477;17443;17458;12:05:00;12:20:00;False;True;False;False;False;False;True;;;;No breakout;False;True;False;17464.0;17464.0;17458.0;17458.0;;;;;False;No breakout;No breakout;0.1;0.4;0.7;0.0;0.3;0.5;0.4;0.4;0.3;;
2024-02-26;17502;17473;17484;17478;False;29;17482;17445;17465;10:35:00;10:30:00;False;True;False;True;True;True;True;;2024-02-26 10:55:00-05:00;10:55:00;10:30 - 11:00;False;True;True;17482.0;17473.0;17481.0;17445.0;13:35:00;12:25:00;17445.0;17475.0;True;13:30 - 14:00;12:00 - 12:30;0.3;0.1;0.3;-0.9;-0.3;0.0;0.3;-0.9;0.2;-0.9;0.0
2024-02-27;17583;17540;17548;17578;True;43;17625;17575;17621;15:55:00;15:55:00;True;False;True;False;True;True;True;2024-02-27 10:35:00-05:00;;10:35:00;10:30 - 11:00;True;True;True;17584.0;17577.0;17625.0;17575.0;15:55:00;12:40:00;17625.0;17575.0;True;15:30 - 16:00;12:30 - 13:00;0.1;0.8;1.9;0.9;1.8;0.9;1.0;0.9;1.9;1.9;0.9
2024-02-28;17633;17608;17616;17619;True;25;17660;17615;17636;12:10:00;12:10:00;True;False;True;False;True;True;True;2024-02-28 11:20:00-05:00;;11:20:00;11:00 - 11:30;True;True;True;17636.0;17615.0;17660.0;17621.0;12:10:00;11:30:00;17660.0;17630.0;True;12:00 - 12:30;11:30 - 12:00;0.3;0.4;2.0;0.3;1.1;0.3;1.1;0.6;2.0;2.0;0.9
2024-02-29;17767;17727;17751;17740;False;40;17780;17674;17770;15:55:00;15:55:00;True;True;True;True;True;False;False;2024-02-29 15:55:00-05:00;2024-02-29 10:50:00-05:00;10:50:00;10:30 - 11:00;False;False;False;17740.0;17726.0;17780.0;17674.0;11:40:00;11:25:00;17674.0;17751.0;True;11:30 - 12:00;11:00 - 11:30;0.5;0.3;1.3;-1.3;1.0;0.0;0.3;-1.3;1.3;-1.3;0.5
2024-03-01;17794;17718;17787;17777;False;76;17790;17754;17780;10:45:00;10:45:00;False;False;False;False;False;False;False;;;;No breakout;False;True;False;17777.0;17777.0;17780.0;17780.0;;;;;False;No breakout;No breakout;0.9;0.7;0.9;0.5;0.8;0.8;0.7;0.9;0.8;;
2024-03-04;17735;17711;17729;17722;False;24;17756;17720;17730;14:40:00;14:40:00;True;False;True;False;True;True;True;2024-03-04 11:00:00-05:00;;11:00:00;11:00 - 11:30;True;True;False;17736.0;17720.0;17756.0;17721.0;14:40:00;14:20:00;17756.0;17721.0;True;14:30 - 15:00;14:00 - 14:30;0.7;0.4;1.8;0.4;0.7;0.4;1.0;0.5;1.8;1.8;0.5
2024-03-05;17773;17732;17748;17743;False;41;17745;17649;17694;10:30:00;12:30:00;False;True;False;True;True;True;True;;2024-03-05 10:30:00-05:00;10:30:00;10:30 - 11:00;False;True;True;17743.0;17743.0;17737.0;17649.0;15:20:00;12:30:00;17649.0;17737.0;True;15:00 - 15:30;12:30 - 13:00;0.3;0.2;0.3;-2.0;-1.0;0.3;0.2;-2.0;0.1;-2.0;0.1
2024-03-06;17757;17718;17753;17722;False;39;17762;17711;17735;12:30:00;13:25:00;True;True;True;True;True;False;False;2024-03-06 13:20:00-05:00;2024-03-06 15:10:00-05:00;13:20:00;13:00 - 13:30;True;False;False;17762.0;17715.0;17762.0;17711.0;13:25:00;13:25:00;17762.0;17758.0;False;13:00 - 13:30;13:00 - 13:30;0.8;0.1;1.1;-0.1;0.4;0.0;1.1;-0.1;1.1;1.1;1.1
2024-03-07;17880;17809;17818;17875;True;71;17904;17861;17891;13:55:00;13:55:00;True;False;True;False;True;True;True;2024-03-07 10:40:00-05:00;;10:40:00;10:30 - 11:00;True;True;True;17878.0;17865.0;17904.0;17861.0;13:55:00;11:35:00;17904.0;17861.0;True;13:30 - 14:00;11:30 - 12:00;0.1;0.9;1.3;0.8;1.1;0.8;0.9;0.8;1.3;1.3;0.8
2024-03-08;17866;17833;17860;17836;False;33;17861;17756;17773;10:55:00;10:55:00;False;True;False;True;True;True;True;;2024-03-08 11:20:00-05:00;11:20:00;11:00 - 11:30;False;True;True;17861.0;17829.0;17836.0;17756.0;13:40:00;11:25:00;17756.0;17836.0;True;13:30 - 14:00;11:00 - 11:30;0.8;0.0;0.8;-2.3;-1.9;-0.1;0.8;-2.3;0.0;-2.3;0.0
2024-03-11;17750;17704;17728;17709;False;46;17793;17690;17788;14:50:00;14:45:00;True;True;True;True;True;False;False;2024-03-11 12:15:00-04:00;2024-03-11 10:35:00-04:00;10:35:00;10:30 - 11:00;False;False;False;17724.0;17708.0;17793.0;17690.0;10:45:00;10:40:00;17690.0;17711.0;True;10:30 - 11:00;10:30 - 11:00;0.5;0.1;1.9;-0.3;1.8;0.1;0.4;-0.3;1.9;-0.3;0.1
2024-03-12;17868;17788;17842;17866;True;80;18000;17861;17989;14:30:00;15:10:00;True;False;True;False;True;True;True;2024-03-12 10:40:00-04:00;;10:40:00;10:30 - 11:00;True;True;True;17873.0;17861.0;18000.0;17873.0;14:30:00;10:45:00;18000.0;17873.0;False;14:30 - 15:00;10:30 - 11:00;0.6;0.9;2.6;1.0;2.5;1.0;1.0;1.1;2.6;2.6;1.1
2024-03-13;18007;17972;17983;17990;True;35;18006;17949;17974;13:00:00;13:05:00;False;True;False;True;True;True;True;;2024-03-13 11:40:00-04:00;11:40:00;11:30 - 12:00;False;True;False;17991.0;17967.0;18006.0;17949.0;15:25:00;13:00:00;17949.0;18006.0;True;15:00 - 15:30;13:00 - 13:30;0.3;0.5;0.9;-0.6;0.0;-0.1;0.5;-0.6;0.9;-0.6;0.9
2024-03-14;17993;17921;17986;17932;False;72;17949;17871;17932;10:35:00;12:25:00;False;True;False;True;True;True;True;;2024-03-14 10:50:00-04:00;10:50:00;10:30 - 11:00;False;True;False;17949.0;17931.0;17947.0;17871.0;15:35:00;12:30:00;17871.0;17947.0;True;15:30 - 16:00;12:30 - 13:00;0.9;0.1;0.3;-0.6;0.1;0.2;0.3;-0.6;0.3;-0.6;0.3
2024-03-15;18296;18255;18278;18281;True;41;18289;18209;18265;11:30:00;11:30:00;False;True;False;True;True;True;True;;2024-03-15 12:15:00-04:00;12:15:00;12:00 - 12:30;False;True;False;18289.0;18257.0;18272.0;18209.0;12:50:00;12:20:00;18209.0;18255.0;False;12:30 - 13:00;12:00 - 12:30;0.5;0.6;0.8;-1.1;0.2;0.1;0.8;-1.1;0.4;-1.1;0.0
2024-03-18;18257;18185;18256;18203;False;72;18227;18182;18204;12:25:00;12:25:00;False;True;False;False;False;False;True;;;;No breakout;False;True;False;18203.0;18203.0;18204.0;18204.0;;;;;False;No breakout;No breakout;0.9;0.2;0.5;0.0;0.2;0.3;0.2;0.3;0.2;;
2024-03-19;18254;18204;18253;18207;False;50;18288;18196;18274;13:00:00;12:50:00;True;True;True;True;True;False;False;2024-03-19 11:50:00-04:00;2024-03-19 10:30:00-04:00;10:30:00;10:30 - 11:00;False;False;False;18207.0;18207.0;18288.0;18196.0;10:35:00;10:35:00;18196.0;18205.0;True;10:30 - 11:00;10:30 - 11:00;0.9;0.0;1.6;-0.1;1.3;0.1;0.0;-0.1;1.6;-0.1;0.0
2024-03-20;18317;18279;18284;18295;True;38;18428;18262;18418;15:30:00;15:30:00;True;True;True;True;True;False;False;2024-03-20 14:00:00-04:00;2024-03-20 11:30:00-04:00;11:30:00;11:30 - 12:00;False;False;False;18304.0;18277.0;18428.0;18262.0;11:50:00;11:35:00;18262.0;18280.0;True;11:30 - 12:00;11:30 - 12:00;0.1;0.4;3.9;-0.4;3.6;0.0;0.6;-0.4;3.9;-0.4;0.0
2024-03-21;18392;18350;18350;18391;True;42;18460;18382;18441;13:10:00;13:15:00;True;False;True;False;True;True;True;2024-03-21 10:30:00-04:00;;10:30:00;10:30 - 11:00;True;True;True;18391.0;18391.0;18460.0;18391.0;13:10:00;10:35:00;18460.0;18391.0;True;13:00 - 13:30;10:30 - 11:00;0.0;0.9;2.6;0.8;2.1;1.0;0.9;1.0;2.6;2.6;1.0
2024-03-22;18494;18458;18494;18471;False;36;18535;18471;18504;14:05:00;14:05:00;True;False;True;False;True;True;True;2024-03-22 11:05:00-04:00;;11:05:00;11:00 - 11:30;True;True;True;18491.0;18471.0;18535.0;18480.0;14:05:00;11:40:00;18535.0;18480.0;True;14:00 - 14:30;11:30 - 12:00;1.0;0.3;2.1;0.4;1.2;0.4;0.9;0.7;2.1;2.1;0.7
2024-03-25;18563;18489;18496;18555;True;74;18563;18520;18529;14:15:00;14:25:00;False;False;False;False;False;False;False;;;;No breakout;False;True;False;18555.0;18555.0;18529.0;18529.0;;;;;False;No breakout;No breakout;0.0;0.8;1.0;0.5;0.5;0.9;0.8;0.6;0.5;;
2024-03-26;18674;18644;18659;18666;True;30;18688;18622;18625;10:50:00;10:50:00;True;True;True;True;True;False;False;2024-03-26 10:35:00-04:00;2024-03-26 11:30:00-04:00;10:35:00;10:30 - 11:00;True;False;False;18676.0;18666.0;18688.0;18622.0;10:50:00;10:40:00;18688.0;18670.0;True;10:30 - 11:00;10:30 - 11:00;0.5;0.7;1.4;-0.7;-0.7;0.8;1.0;-0.7;1.4;1.4;0.9
2024-03-27;18769;18732;18761;18763;True;37;18795;18734;18795;15:55:00;15:55:00;True;False;True;False;True;True;True;2024-03-27 10:35:00-04:00;;10:35:00;10:30 - 11:00;True;True;True;18771.0;18762.0;18795.0;18734.0;15:55:00;12:15:00;18795.0;18734.0;True;15:30 - 16:00;12:00 - 12:30;0.7;0.8;1.7;0.1;1.7;0.9;1.0;0.1;1.7;1.7;0.1
2024-03-28;18771;18752;18753;18756;True;19;18800;18753;18782;15:30:00;15:25:00;True;False;True;False;True;True;True;2024-03-28 10:50:00-04:00;;10:50:00;10:30 - 11:00;True;True;True;18772.0;18753.0;18800.0;18759.0;15:30:00;12:20:00;18800.0;18759.0;True;15:30 - 16:00;12:00 - 12:30;0.0;0.2;2.5;0.1;1.5;0.1;1.0;0.4;2.5;2.5;0.4
2024-04-02;18597;18534;18588;18564;False;63;18587;18517;18566;10:45:00;10:40:00;False;True;False;True;True;True;True;;2024-04-02 11:35:00-04:00;11:35:00;11:30 - 12:00;False;True;False;18587.0;18535.0;18568.0;18517.0;11:50:00;11:40:00;18517.0;18540.0;True;11:30 - 12:00;11:30 - 12:00;0.8;0.4;0.8;-0.2;0.5;0.1;0.8;-0.2;0.5;-0.2;0.0
2024-04-03;18625;18559;18563;18600;True;66;18638;18586;18610;11:30:00;11:30:00;True;False;True;False;True;True;True;2024-04-03 11:15:00-04:00;;11:15:00;11:00 - 11:30;True;True;False;18627.0;18591.0;18638.0;18586.0;11:30:00;11:25:00;18638.0;18624.0;True;11:30 - 12:00;11:00 - 11:30;0.0;0.6;1.1;0.5;0.7;0.5;1.0;0.5;1.1;1.1;1.0
2024-04-04;18664;18638;18663;18662;False;26;18679;18423;18437;10:40:00;10:40:00;True;True;True;True;True;False;False;2024-04-04 10:35:00-04:00;2024-04-04 13:40:00-04:00;10:35:00;10:30 - 11:00;True;False;False;18664.0;18658.0;18679.0;18423.0;10:40:00;10:40:00;18679.0;18669.0;False;10:30 - 11:00;10:30 - 11:00;0.9;0.9;1.5;-8.2;-7.8;0.8;1.0;-8.2;1.5;1.5;1.2
2024-04-05;18429;18362;18413;18379;False;67;18462;18373;18434;13:00:00;13:00:00;True;False;True;False;True;True;True;2024-04-05 11:50:00-04:00;;11:50:00;11:30 - 12:00;True;True;True;18431.0;18373.0;18462.0;18394.0;13:00:00;11:55:00;18462.0;18430.0;False;13:00 - 13:30;11:30 - 12:00;0.7;0.2;1.4;0.2;1.0;0.2;1.0;0.5;1.4;1.4;1.1
2024-04-08;18574;18513;18561;18536;False;61;18569;18535;18540;11:40:00;11:40:00;False;False;False;False;False;False;False;;;;No breakout;False;True;False;18536.0;18536.0;18540.0;18540.0;;;;;False;No breakout;No breakout;0.7;0.3;0.9;0.4;0.4;0.4;0.3;0.5;0.4;;
2024-04-09;18465;18367;18440;18379;False;98;18378;18299;18366;10:30:00;10:30:00;False;True;False;True;True;True;True;;2024-04-09 10:30:00-04:00;10:30:00;10:30 - 11:00;False;True;True;18379.0;18379.0;18370.0;18299.0;10:50:00;10:35:00;18299.0;18364.0;False;10:30 - 11:00;10:30 - 11:00;0.7;0.1;0.1;-0.6;-0.1;0.2;0.1;-0.6;0.0;-0.6;-0.1
2024-04-10;18366;18243;18254;18356;True;123;18388;18283;18325;10:35:00;10:40:00;True;False;True;False;True;True;True;2024-04-10 10:30:00-04:00;;10:30:00;10:30 - 11:00;True;True;False;18356.0;18356.0;18388.0;18283.0;10:35:00;10:35:00;18388.0;18366.0;False;10:30 - 11:00;10:30 - 11:00;0.0;0.9;1.1;0.4;0.6;1.0;0.9;0.4;1.1;1.1;1.0
2024-04-11;18297;18096;18280;18097;False;201;18291;18095;18276;14:05:00;14:40:00;False;True;False;False;False;False;True;;;;No breakout;False;True;False;18097.0;18097.0;18276.0;18276.0;;;;;False;No breakout;No breakout;0.9;0.0;0.9;0.0;0.8;0.1;0.0;0.9;0.8;;
2024-04-12;18268;18144;18197;18164;False;124;18179;18062;18082;11:45:00;11:55:00;False;True;False;True;True;True;True;;2024-04-12 10:40:00-04:00;10:40:00;10:30 - 11:00;False;True;True;18178.0;18140.0;18179.0;18062.0;15:00:00;11:45:00;18062.0;18179.0;True;15:00 - 15:30;11:30 - 12:00;0.4;0.1;0.2;-0.6;-0.5;0.0;0.2;-0.6;0.2;-0.6;0.2
2024-04-15;18424;18288;18389;18313;False;136;18332;18109;18121;10:30:00;10:30:00;False;True;False;True;True;True;True;;2024-04-15 10:35:00-04:00;10:35:00;10:30 - 11:00;False;True;True;18332.0;18308.0;18290.0;18109.0;15:20:00;10:45:00;18109.0;18290.0;True;15:00 - 15:30;10:30 - 11:00;0.7;0.1;0.3;-1.3;-1.3;0.2;0.3;-1.3;0.0;-1.3;0.0
2024-04-16;18032;17933;18027;17956;False;99;18052;17940;17979;14:10:00;15:25:00;True;False;True;False;True;True;True;2024-04-16 14:05:00-04:00;;14:05:00;14:00 - 14:30;True;True;False;18023.0;17940.0;18052.0;17966.0;14:10:00;14:10:00;18052.0;18015.0;True;14:00 - 14:30;14:00 - 14:30;0.9;0.2;1.2;0.1;0.4;0.1;0.9;0.4;1.2;1.2;0.9
2024-04-17;18121;18017;18121;18051;False;104;18051;17953;17988;10:30:00;10:30:00;False;True;False;True;True;True;True;;2024-04-17 10:50:00-04:00;10:50:00;10:30 - 11:00;False;True;True;18051.0;18018.0;18050.0;17953.0;12:40:00;11:00:00;17953.0;18029.0;True;12:30 - 13:00;11:00 - 11:30;1.0;0.3;0.3;-0.6;-0.3;0.1;0.3;-0.6;0.3;-0.6;0.1
2024-04-18;18023;17925;17983;18018;True;98;18076;17930;17965;11:20:00;11:20:00;True;False;True;False;True;True;True;2024-04-18 10:30:00-04:00;;10:30:00;10:30 - 11:00;True;True;False;18018.0;18018.0;18076.0;17930.0;11:20:00;10:45:00;18076.0;18028.0;False;11:00 - 11:30;10:30 - 11:00;0.5;0.9;1.5;0.1;0.4;1.0;0.9;0.1;1.5;1.5;1.1
2024-04-19;17979;17922;17935;17947;True;57;17966;17874;17926;11:10:00;11:10:00;False;True;False;True;True;True;True;;2024-04-19 12:10:00-04:00;12:10:00;12:00 - 12:30;False;True;False;17966.0;17928.0;17964.0;17874.0;14:45:00;13:55:00;17874.0;17964.0;True;14:30 - 15:00;13:30 - 14:00;0.2;0.4;0.7;-0.8;0.0;0.2;0.7;-0.8;0.7;-0.8;0.7
2024-04-22;18089;18049;18079;18055;False;40;18186;18039;18139;14:35:00;14:30:00;True;True;True;True;True;False;False;2024-04-22 12:00:00-04:00;2024-04-22 11:15:00-04:00;11:15:00;11:00 - 11:30;False;False;False;18081.0;18042.0;18186.0;18039.0;11:20:00;11:20:00;18039.0;18051.0;True;11:00 - 11:30;11:00 - 11:30;0.7;0.1;3.4;-0.2;2.2;-0.1;0.8;-0.2;3.4;-0.2;0.0
2024-04-23;18301;18250;18256;18288;True;51;18380;18289;18371;15:40:00;15:40:00;True;False;True;False;True;True;True;2024-04-23 10:30:00-04:00;;10:30:00;10:30 - 11:00;True;True;True;18288.0;18288.0;18380.0;18300.0;15:40:00;10:45:00;18380.0;18300.0;True;15:30 - 16:00;10:30 - 11:00;0.1;0.7;2.5;0.8;2.3;0.8;0.7;1.0;2.5;2.5;1.0
2024-04-24;18348;18304;18344;18306;False;44;18320;18252;18281;13:45:00;13:55:00;False;True;False;True;True;True;True;;2024-04-24 10:35:00-04:00;10:35:00;10:30 - 11:00;False;True;True;18311.0;18300.0;18320.0;18252.0;11:45:00;10:40:00;18252.0;18294.0;False;11:30 - 12:00;10:30 - 11:00;0.9;0.0;0.3;-1.1;-0.6;0.0;0.1;-1.1;0.3;-1.1;-0.3
2024-04-25;18071;17983;18047;18070;True;88;18142;18057;18123;15:20:00;15:20:00;True;False;True;False;True;True;True;2024-04-25 10:35:00-04:00;;10:35:00;10:30 - 11:00;True;True;True;18083.0;18057.0;18142.0;18059.0;15:20:00;10:40:00;18142.0;18059.0;True;15:00 - 15:30;10:30 - 11:00;0.7;0.9;1.8;0.9;1.5;0.9;1.1;0.9;1.8;1.8;0.9
2024-04-26;18383;18246;18250;18370;True;137;18380;18334;18357;13:50:00;13:50:00;False;False;False;False;False;False;False;;;;No breakout;False;True;False;18370.0;18370.0;18357.0;18357.0;;;;;False;No breakout;No breakout;0.0;0.9;0.9;0.7;0.8;1.0;0.9;0.9;0.8;;
2024-04-29;18309;18278;18290;18298;True;31;18322;18257;18303;11:00:00;10:55:00;True;True;True;True;True;False;False;2024-04-29 10:30:00-04:00;2024-04-29 15:00:00-04:00;10:30:00;10:30 - 11:00;True;False;False;18298.0;18298.0;18322.0;18257.0;11:00:00;10:35:00;18322.0;18303.0;True;11:00 - 11:30;10:30 - 11:00;0.3;0.6;1.4;-0.6;0.8;0.7;0.6;-0.6;1.4;1.4;0.9
2024-04-30;18220;18171;18186;18186;False;49;18191;18065;18071;10:50:00;10:45:00;False;True;False;True;True;True;True;;2024-04-30 10:55:00-04:00;10:55:00;10:30 - 11:00;False;True;True;18191.0;18167.0;18167.0;18065.0;15:55:00;11:00:00;18065.0;18167.0;False;15:30 - 16:00;11:00 - 11:30;0.3;0.3;0.4;-2.1;-2.1;0.0;0.4;-2.1;-0.1;-2.1;-0.1
2024-05-02;18146;18033;18139;18087;False;113;18122;18045;18103;15:10:00;15:05:00;False;False;False;False;False;False;False;;;;No breakout;False;True;False;18087.0;18087.0;18103.0;18103.0;;;;;False;No breakout;No breakout;0.9;0.4;0.7;0.2;0.6;0.5;0.4;0.7;0.6;;
2024-05-03;18230;18111;18199;18148;False;119;18191;18122;18182;14:20:00;14:20:00;False;False;False;False;False;False;False;;;;No breakout;False;True;False;18148.0;18148.0;18182.0;18182.0;;;;;False;No breakout;No breakout;0.7;0.3;0.6;0.1;0.5;0.4;0.3;0.6;0.5;;
2024-05-06;18314;18259;18289;18307;True;55;18368;18297;18368;14:25:00;14:50:00;True;False;True;False;True;True;True;2024-05-06 10:35:00-04:00;;10:35:00;10:30 - 11:00;True;True;True;18309.0;18297.0;18368.0;18301.0;14:25:00;10:45:00;18368.0;18301.0;True;14:00 - 14:30;10:30 - 11:00;0.5;0.8;1.9;0.7;1.9;0.7;0.9;0.8;1.9;1.9;0.8
2024-05-16;18876;18810;18872;18847;False;66;18853;18773;18782;10:30:00;10:30:00;False;True;False;True;True;True;True;;2024-05-16 11:14:00-04:00;11:14:00;11:00 - 11:30;False;True;True;18853.0;18810.0;18835.0;18773.0;14:14:00;11:58:00;18773.0;18835.0;True;14:00 - 14:30;11:30 - 12:00;0.9;0.5;0.6;-0.5;-0.5;0.0;0.6;-0.5;0.3;-0.5;0.3
2024-05-23;18785;18704;18784;18749;False;81;18782;18617;18651;11:56:00;11:57:00;False;True;False;True;True;True;True;;2024-05-23 13:37:00-04:00;13:37:00;13:30 - 14:00;False;True;True;18782.0;18711.0;18706.0;18617.0;14:55:00;13:40:00;18617.0;18706.0;True;14:30 - 15:00;13:30 - 14:00;0.9;0.5;0.9;-1.0;-0.7;0.1;0.9;-1.0;0.0;-1.0;0.0
2024-05-29;18572;18492;18515;18555;True;80;18573;18524;18550;15:41:00;15:39:00;True;False;False;False;False;False;True;;;;No breakout;False;True;False;18555.0;18555.0;18550.0;18550.0;;;;;False;No breakout;No breakout;0.2;0.7;1.0;0.4;0.7;0.8;0.7;0.8;0.7;;
2024-05-31;18587;18470;18556;18485;False;117;18643;18471;18637;15:56:00;15:56:00;True;False;True;False;True;True;True;2024-05-31 15:44:00-04:00;;15:44:00;15:30 - 16:00;True;True;True;18587.0;18471.0;18643.0;18589.0;15:56:00;15:45:00;18643.0;18589.0;False;15:30 - 16:00;15:30 - 16:00;0.7;0.1;1.4;0.1;1.4;0.1;1.0;1.1;1.4;1.4;1.1
2024-06-03;18745;18667;18741;18681;False;78;18681;18549;18617;10:30:00;10:30:00;False;True;False;True;True;True;True;;2024-06-03 10:34:00-04:00;10:34:00;10:30 - 11:00;False;True;True;18681.0;18669.0;18668.0;18549.0;13:11:00;11:36:00;18549.0;18668.0;True;13:00 - 13:30;11:30 - 12:00;0.9;0.1;0.1;-1.5;-0.7;0.1;0.1;-1.5;0.0;-1.5;0.0
2024-06-04;18585;18513;18548;18518;False;72;18534;18423;18504;10:32:00;10:32:00;False;True;False;True;True;True;True;;2024-06-04 10:34:00-04:00;10:34:00;10:30 - 11:00;False;True;True;18534.0;18513.0;18522.0;18423.0;12:02:00;10:41:00;18423.0;18518.0;True;12:00 - 12:30;10:30 - 11:00;0.4;0.0;0.2;-1.2;-0.2;0.0;0.2;-1.2;0.1;-1.2;0.0
2024-06-07;18608;18509;18535;18604;True;99;18633;18558;18573;10:47:00;10:47:00;True;False;True;False;True;True;True;2024-06-07 10:35:00-04:00;;10:35:00;10:30 - 11:00;True;True;False;18605.0;18595.0;18633.0;18558.0;10:47:00;10:36:00;18633.0;18606.0;True;10:30 - 11:00;10:30 - 11:00;0.2;0.9;1.2;0.5;0.6;0.9;0.9;0.5;1.2;1.2;1.0
